congress,type,bioguideid,current
113,Assistant Democratic Leader,C001056,
114,Assistant Majority Leader,C001056,
115,Majority Whip,C001056,
113,Assistant Majority Leader,D000563,
112,Assistant Majority Leader,D000563,
114,Assistant Democratic Leader,D000563,
115,Whip,D000563,
117,Democratic Whip,D000563,
117,Majority Whip,D000563,
118,Majority Whip,D000563,True
113,Minority Leader,M000355,
112,Minority Leader,M000355,
114,Majority Leader,M000355,
116,Majority Leader,M000355,
115,Majority Leader,M000355,
117,Republican Leader,M000355,
118,Republican Leader,M000355,True
113,Assistant Democratic Leader,C000537,
112,Assistant Democratic Leader,C000537,
114,Assistant Democratic Leader,C000537,
116,Majority Whip,C000537,
115,Assistant Democratic Leader,C000537,
117,Majority Whip,C000537,
118,Assistant Democratic Leader,C000537,True
116,President Pro Tempore,G000386,
117,President Pro Tempore,G000386,
117,President Pro Tempore,G000386,
113,Democratic Whip,H000874,
112,Democratic Whip,H000874,
114,Democratic Whip,H000874,
116,Majority Leader,H000874,
115,Democratic Whip,H000874,
117,Majority Leader,H000874,
113,Republican Policy Committee Chairman,L000575,
112,Democratic Caucus Chairman,L000557,
116,Assistant Democratic Leader,L000570,
113,Majority Leader,M001165,
112,Majority Whip,M001165,
114,Majority Leader,M001165,
116,Republican Leader,M001165,
115,Majority Leader,M001165,
117,Republican Leader,M001165,
113,Republican Conference Chair,M001159,
114,Republican Conference Chair,M001159,
115,Republican Conference Chair,M001159,
117,Assistant Democratic Leader,M001111,
118,President Pro Tempore,M001111,True
113,Democratic Leader,P000197,
112,Democratic Leader,P000197,
114,Democratic Leader,P000197,
116,Speaker of the House,P000197,
115,Democratic Leader,P000197,
117,Speaker of the House,P000197,
113,Majority Whip,S001176,
114,Majority Whip,S001176,
116,Republican Whip,S001176,
115,Majority Whip,S001176,
117,Republican Whip,S001176,
118,Majority Leader,S001176,True
116,Democratic Leader,S000148,
115,Democratic Leader Chairman of the Conference,S000148,
117,Democratic Leader Chairman of the Conference,S000148,
118,Democratic Leader Chairman of the Conference,S000148,True
116,Majority Whip,T000250,
117,Whip,T000250,
118,Whip,T000250,True
116,Democratic Caucus Chairman,J000294,
117,Democratic Caucus Chairman,J000294,
118,Minority Leader,J000294,True
117,Assistant Democratic Leader,C001101,
118,Minority Whip,C001101,True
116,Republican Policy Committee Chairman,P000609,
117,Republican Policy Committee Chairman,P000609,
118,Republican Policy Committee Chairman,P000609,True
118,Democratic Caucus Chairman,A000371,True
118,Majority Whip,E000294,True
117,Republican Conference Chair,S001196,
118,Republican Conference Chair,S001196,True
118,Speaker of the House,J000299,True
