org_nam,otal,pac,ndiv
State of Alaska,19541,0,19541
"Sonosky, Chambers et al",16050,0,16050
General Communication Inc,15150,2500,12650
Google Inc,14164,0,14164
University of Alaska/Anchorage,13938,0,13938
Swing Left,13400,0,13400
Apple Inc,10783,0,10783
Service Employees International Union,10010,5000,5010
National Education Assn,10000,10000,0
Sealaska Corp,9950,0,9950
Rpm International,66950,10000,56950
Goldman Sachs,59500,4000,55500
"Calfee, Halter & Griswold",45300,0,45300
National Republican Senatorial Cmte,44600,44600,0
Trident Seafoods,43550,5600,37950
Elliott Management,39100,0,39100
General Atomics,37550,12500,25050
ConocoPhillips,37425,10000,27425
Blackstone Group,36100,0,36100
Lynden Inc,30700,0,30700
ConocoPhillips,60050,10000,50050
American Israel Public Affairs Cmte,59500,10000,49500
Trident Seafoods,55300,5800,49500
National Republican Senatorial Cmte,51200,51200,0
KKR & Co,48405,0,48405
NextEra Energy,36450,10000,26450
General Communication Inc,34900,10000,24900
Exelon Corp,34300,11500,22800
NorPAC,31250,0,31250
Capital Group,30700,0,30700
Poarch Band of Creek Indians,29000,0,29000
Brett Robinson Real Estate,19910,0,19910
Radiance Technologies,13300,7500,5800
American Israel Public Affairs Cmte,12250,10000,2250
Magnolia Marketing,11600,0,11600
Pepsi Cola Bottling Co of Atmore,11600,0,11600
Remax Paradise,11600,0,11600
Venture Group,11600,0,11600
Home Depot,10003,10000,3
Airbus Group,10000,10000,0
Kykenkee Inc,23000,0,23000
Jim Wilson & Assoc,16618,0,16618
Club for Growth,12600,0,12600
Alabama Peanut Producers Assn,10000,10000,0
Alabama Power,10000,10000,0
American Crystal Sugar,10000,10000,0
Eye of the Tiger PAC,10000,10000,0
House Freedom Fund,10000,10000,0
Majority Cmte PAC,10000,10000,0
National Cotton Council,10000,10000,0
Lockheed Martin,60750,10000,50750
Leidos Inc,34800,10000,24800
General Dynamics,34000,10000,24000
L3Harris Technologies,29600,10000,19600
General Atomics,17800,10000,7800
I/R,16050,0,16050
McWane Inc,16000,0,16000
Protective Life Corp,15800,10000,5800
Qualis Corp,14150,0,14150
Van Scoyoc Assoc,13945,1945,12000
American Israel Public Affairs Cmte,60650,7900,52750
McWane Inc,22900,0,22900
Drummond Co,17000,10000,7000
"Maynard, Cooper & Gale",16000,10000,6000
Parker Towing,15200,0,15200
Alabama Power,13000,10000,3000
Protective Life Corp,12500,10000,2500
Sierra Nevada Corp,11800,5000,6800
Hunt Consolidated,11600,0,11600
Thompson Gray Inc,11113,0,11113
Collazo Enterprises,55100,0,55100
Radiance Technologies,35600,10000,25600
Hometown Lenders,29800,0,29800
Defend America PAC,25000,25000,0
McDaniel & McDaniel,23650,0,23650
Breland Homes,23100,0,23100
Ignite,21300,0,21300
Broadway Group,18850,0,18850
American Israel Public Affairs Cmte,18375,10000,8375
Kb Development LLC,17400,0,17400
American Israel Public Affairs Cmte,29100,4100,25000
Kykenkee Inc,29000,0,29000
Harbert Management,23200,0,23200
Quor Venture Advisors,15800,0,15800
Aaa Cooper Transportation,11600,0,11600
Ard Contracting,11600,0,11600
Coral Gables Trust,11600,0,11600
Hammer Lgc,11600,0,11600
McGruff Seibles,11600,0,11600
McKinney Capital,11600,0,11600
Protective Life Corp,24400,10000,14400
GRAIL Inc,23400,10000,13400
Axxess Technology Solutions,18700,10000,8700
New York Cancer & Blood Specialists,18500,0,18500
DaVita Inc,17200,3000,14200
Comcast Corp,15000,12500,2500
Grail,14000,0,14000
"Maynard, Cooper & Gale",13000,10000,3000
American Israel Public Affairs Cmte,12750,7900,4850
Nucor Corp,12500,12500,0
Hometown Lenders,76300,0,76300
Club for Growth,67896,0,67896
Drummond Co,46900,18000,28900
National Republican Senatorial Cmte,44600,44600,0
Wellborn Cabinet,30500,0,30500
Radiance Technologies,29500,8000,21500
Colsa Corp,28410,0,28410
Long Brothers LLC,27592,0,27592
Breland Homes,25900,0,25900
Broadway Group,23900,0,23900
American Israel Public Affairs Cmte,95050,5000,90050
Harbert Management,73500,0,73500
Great Southern Wood Preserving,66950,0,66950
"Beasley, Allen et al",62800,0,62800
Protective Life Corp,58200,15000,43200
National Republican Senatorial Cmte,51200,51200,0
Alabama Power,50825,10000,40825
Radiance Technologies,48400,15000,33400
Stephens Inc,47311,5000,42311
Cooper/T Smith Corp,43500,0,43500
Stephens Inc,19900,0,19900
Access Medical Clinic,12100,0,12100
Union Pacific Corp,10250,10000,250
Deere & Co,10000,10000,0
Eye of the Tiger PAC,10000,10000,0
Huck PAC,10000,10000,0
Majority Cmte PAC,10000,10000,0
National Auto Dealers Assn,10000,10000,0
National Beer Wholesalers Assn,10000,10000,0
National Cattlemen's Beef Assn,10000,10000,0
Votesane PAC,75750,0,75750
Stephens Inc,56720,0,56720
BlackRock Inc,26700,0,26700
Capital Group,22900,0,22900
Blackstone Group,19400,0,19400
State of Arkansas,19250,0,19250
Rocket Mortgage,16600,0,16600
Windstream Communications,16600,0,16600
MasterCard Inc,15000,15000,0
Anthony Timberlands,14500,0,14500
American Israel Public Affairs Cmte,32900,7900,25000
Walmart Inc,28650,10000,18650
Tyson Foods,18800,7500,11300
Stephens Inc,12900,10000,2900
Boeing Co,12850,10000,2850
Simmons Foods,12700,0,12700
General Dynamics,12500,10000,2500
National Assn of Broadcasters,12475,10000,2475
Arvest Bank Group,12050,5000,7050
Runway Group,11600,0,11600
Murphy Oil,32500,10000,22500
American Israel Public Affairs Cmte,22903,7900,15003
PotlatchDeltic Corp,12900,10000,2900
James Foundation,11600,0,11600
Weyerhaeuser Co,11500,10000,1500
Ryan LLC,11200,2500,8700
Maxwell Hardwood Flooring,10300,0,10300
American Bankers Assn,10000,10000,0
American Crystal Sugar,10000,10000,0
American Sportfishing Assn,10000,10000,0
Goldman Sachs,83700,13500,70200
Stephens Inc,60543,5000,55543
Lockheed Martin,50346,8000,42346
Apollo Global Management,49200,0,49200
Blackstone Group,34900,0,34900
Pro-israel America PAC,33550,0,33550
McNa Dental Plans,31200,0,31200
"Gibson, Dunn & Crutcher",30950,0,30950
Boston Consulting Group,29050,0,29050
Station Casinos,29000,0,29000
Votesane PAC,225842,2850,222992
Pro-Israel America PAC,64500,0,64500
Stephens Inc,59750,10000,49750
Tyson Foods,53500,24500,29000
National Republican Senatorial Cmte,51200,51200,0
2022 Senators Classic,49100,0,49100
Walmart Inc,37335,10000,27335
McKee Foods,33800,0,33800
General Atomics,32300,10000,22300
FTX.US,23200,0,23200
American Israel Public Affairs Cmte,35200,10000,25200
House Freedom Fund,25050,10000,15050
Meritage Homes,24750,10000,14750
Club for Growth,23000,0,23000
Allsup,17400,0,17400
Wdp Partners,12600,0,12600
NFP Corp,11800,0,11800
Acountabilit,11600,0,11600
Bill Luke Chrysler/Jeep/Dodge,11600,0,11600
Dimensional Fund Advisors,11600,0,11600
21st Century Healthcare,17400,0,17400
Bassaidai Inc,11600,0,11600
Berexco Inc,11600,0,11600
Radiology Ltd,11600,0,11600
Rule 1,11600,0,11600
Innitech LLC,10600,0,10600
Congressional Leadership Fund,10000,10000,0
Supporting Electing American Leaders,10000,10000,0
House Freedom Fund,9900,7000,2900
Hsl Properties,9800,0,9800
American Israel Public Affairs Cmte,26700,7900,18800
Pro-Israel America PAC,20800,0,20800
Credit Union National Assn,15500,15000,500
Air Line Pilots Assn,15000,15000,0
General Atomics,14000,10000,4000
Cordoba Corp,11600,0,11600
Francis & Sons-McClintock LLC,11600,0,11600
Liberty Transport,11200,0,11200
Cigna Corp,10290,10000,290
Raytheon Technologies,10284,10000,284
Arizona State University,34230,0,34230
American Israel Public Affairs Cmte,28350,10000,18350
W Holdings,25300,0,25300
Snell & Wilmer,24678,0,24678
Ballard Spahr LLP,18510,7000,11510
Perkins Coie,18500,0,18500
Mayo Clinic,16975,0,16975
Blue Cross/Blue Shield of Arizona,16660,1000,15660
Pro-Israel America PAC,16000,0,16000
Banner Health,15975,0,15975
House Freedom Fund,42100,10000,32100
American Israel Public Affairs Cmte,24250,10000,14250
Bill Luke Chrysler/Jeep/Dodge,11600,0,11600
21st Century Healthcare,5800,0,5800
Charter One,5800,0,5800
Farnsworth Realty,5800,0,5800
Gray Assoc,5800,0,5800
Pascua Yaqui Tribe,5800,0,5800
Pollack Real Estate,5800,0,5800
Strongmind,5800,0,5800
Hsl Properties,41050,0,41050
Pima Heart & Vascular,22150,0,22150
Blackstone Group,19000,0,19000
Cottonwood Properties,17400,0,17400
American Israel Public Affairs Cmte,16900,0,16900
United Parcel Service,16600,5000,11600
"Rusing, Lopez & Lizardi",16100,0,16100
Arizona Public Service Co,14400,0,14400
Wdp Partners,12600,0,12600
Pinnacle West Capital,12000,10000,2000
Democracy Engine,16150,0,16150
American Crystal Sugar,10000,10000,0
American Federation of State/Cnty/Munic Employees,10000,10000,0
American Federation of Teachers,10000,10000,0
Carpenters & Joiners Union,10000,10000,0
Machinists/Aerospace Workers Union,10000,10000,0
National Education Assn,10000,10000,0
United Food & Commercial Workers Union,10000,10000,0
Liftoff PAC,8900,8900,0
National Assn of Realtors,8000,8000,0
House Freedom Fund,33700,10000,23700
American Israel Public Affairs Cmte,31650,10000,21650
21st Century Healthcare,11600,0,11600
Bill Luke Chrysler/Jeep/Dodge,11600,0,11600
Democracy Engine,10500,0,10500
Air Line Pilots Assn,10000,10000,0
CMR PAC,10000,10000,0
Eye of the Tiger PAC,10000,10000,0
Koch Industries,10000,10000,0
Majority Cmte PAC,10000,10000,0
House Freedom Fund,39500,10000,29500
Bill Luke Chrysler/Jeep/Dodge,11600,0,11600
Gun Owners of America,10000,10000,0
SAFTI First,8500,0,8500
Anthem Lakes LLC,5800,0,5800
Bq Resorts,5800,0,5800
"Cohen, Klingenstein & Marks",5800,0,5800
Hercules Holding,5800,0,5800
Irving Moskowitz Foundation,5800,0,5800
Island Doctors,5800,0,5800
Democracy Engine,404122,0,404122
University of Arizona,124833,0,124833
JStreetPAC,120601,0,120601
Google Inc,111255,0,111255
Arizona State University,101873,0,101873
Apple Inc,69118,0,69118
Microsoft Corp,67455,0,67455
US Government,61014,0,61014
Kirkland & Ellis,56500,0,56500
Stanford University,51709,0,51709
Democracy Engine,1435326,0,1435326
EMILY's List,405783,10000,395783
Votesane PAC,168900,0,168900
Apollo Global Management,155200,0,155200
Crescent Capital Group,135100,0,135100
Goldman Sachs,125450,10000,115450
Blackstone Group,118900,0,118900
Arizona State University,90333,0,90333
DaVita Inc,79545,18500,61045
Ryan LLC,74750,10000,64750
Dimensional Fund Advisors,11600,0,11600
Marcus Foundation,11600,0,11600
Western National Group,11600,0,11600
California Dairies Inc,10000,10000,0
California Rice Industry Assn,10000,10000,0
Huck PAC,10000,10000,0
Majority Cmte PAC,10000,10000,0
National Auto Dealers Assn,10000,10000,0
National Beer Wholesalers Assn,10000,10000,0
Vann Brothers,8700,0,8700
JStreetPAC,13500,5000,8500
Walton Family Foundation,11600,0,11600
American Federation of State/Cnty/Munic Employees,10000,10000,0
American Sportfishing Assn,10000,10000,0
Biomarin Pharmaceutical,10000,10000,0
Clean PAC,10000,10000,0
Honeywell International,10000,10000,0
International Brotherhood of Electrical Workers,10000,10000,0
Machinists/Aerospace Workers Union,10000,10000,0
National Air Traffic Controllers Assn,10000,10000,0
Allworth Financial,17000,0,17000
Pacific Coast Companies,14500,0,14500
American Israel Public Affairs Cmte,13500,0,13500
Solaire Community Builders,13300,0,13300
Irell & Manella,12450,0,12450
University of California/San Diego,11600,0,11600
Congressional Leadership Fund,10000,10000,0
National Assn of Realtors,10000,10000,0
Market Street Development LLC,9400,0,9400
Barnum & Celillo Electric,8700,0,8700
Jackson Family Wines,46469,0,46469
E&J Gallo Winery,19000,0,19000
Trinchero Family Estates,14800,0,14800
Staglin Family Vineyards,13142,0,13142
Ernst & Young,13003,10000,3003
Silver Oak Cellars,11751,0,11751
Wine Institute,11306,10000,1306
Pisces Inc,10800,0,10800
Doctors Co,10250,10250,0
AFLAC Inc,10000,10000,0
Akt Development,17400,0,17400
American Israel Public Affairs Cmte,12400,7900,4500
Armour Properties,11600,0,11600
Dimensional Fund Advisors,11600,0,11600
Marcus Foundation,11600,0,11600
Quest Technology,11600,0,11600
Standard Industries,11600,0,11600
Western National Group,11600,0,11600
Mansour Co,10700,0,10700
Credit Union National Assn,10000,10000,0
American Israel Public Affairs Cmte,33350,7900,25450
Democracy Engine,18325,0,18325
"Akin, Gump et al",12250,4750,7500
University of California/Davis,12000,0,12000
"Kleiner, Perkins et al",11600,0,11600
American College of Cardiology,10500,10000,500
Abbott Laboratories,10000,10000,0
American Academy of Ophthalmology,10000,10000,0
American Assn for Justice,10000,10000,0
American Assn of Neurological Surgeons,10000,10000,0
DISH Network,15000,3400,11600
Democracy Engine,13800,0,13800
"Kelley, Drye & Warren",11400,5000,6400
Intel Corp,11000,10000,1000
Amazon.com,10000,10000,0
American Crystal Sugar,10000,10000,0
American Federation of State/Cnty/Munic Employees,10000,10000,0
American Hospital Assn,10000,10000,0
AT&T Inc,10000,10000,0
Charter Communications,10000,10000,0
Council for a Livable World,13350,0,13350
Amentum Services,10000,10000,0
American Assn of Orthodontists,10000,10000,0
American Federation of State/Cnty/Munic Employees,10000,10000,0
American Federation of Teachers,10000,10000,0
American Maritime Officers,10000,10000,0
Blue Diamond Growers,10000,10000,0
Boilermakers Union,10000,10000,0
California Water Service Group,10000,10000,0
Farm Credit Council,10000,10000,0
Democracy Engine,118425,0,118425
JStreetPAC,85388,1000,84388
Bessemer Venture Partners,66800,0,66800
Google Inc,57799,0,57799
Stanford University,43540,0,43540
Frontline USA,39585,7500,32085
Cooley Llp,36100,0,36100
American Israel Public Affairs Cmte,35850,7900,27950
"Keker, Van Nest & Peters",34833,0,34833
University of California/Berkeley,29551,0,29551
American Council of Engineering Cos,10000,10000,0
American Crystal Sugar,10000,10000,0
American Federation of State/Cnty/Munic Employees,10000,10000,0
Boilermakers Union,10000,10000,0
Honeywell International,10000,10000,0
International Brotherhood of Electrical Workers,10000,10000,0
Machinists/Aerospace Workers Union,10000,10000,0
National Education Assn,10000,10000,0
Painters & Allied Trades Union,10000,10000,0
Plumbers/Pipefitters Union Local 467,10000,10000,0
"Brownstein, Hyatt et al",28900,10000,18900
Susman Godfrey Llp,23350,0,23350
University of California/San Francisco,22635,0,22635
Wells Fargo,18628,10000,8628
Google Inc,18247,10000,8247
Daschle Group,18100,0,18100
Boeing Co,15727,7500,8227
HCA Inc,15618,10000,5618
Walt Disney Co,14997,0,14997
Centene Corp,14903,10000,4903
JStreetPAC,26983,1500,25483
University of California/San Francisco,15840,0,15840
Blue Cross/Blue Shield of California,15000,15000,0
GiveGreen United Action,14900,0,14900
Ariel Investments,14500,0,14500
National Air Traffic Controllers Assn,13500,13500,0
California Waste Solutions,11600,0,11600
Kapor Enterprises,11600,0,11600
Marcus & Millichap,11600,0,11600
Willie L Brown Jr Inc,11600,0,11600
Duarte Nursery,25970,0,25970
Casaca Vineyards,17400,0,17400
Brocchini Farms,14500,0,14500
Landmark Irrigation,14500,0,14500
Bapu Almonds,11600,0,11600
Gallo Farms,11600,0,11600
PEO Select Insurance Services,11600,0,11600
Needham Ag Services,10800,0,10800
Reamer Farms,10800,0,10800
Congressional Leadership Fund,10000,10000,0
Mackenzie Capital Management,23200,0,23200
Sv Angel LLC,23200,0,23200
American Israel Public Affairs Cmte,21900,7900,14000
Kirkland & Ellis,20300,0,20300
"Wachtell, Lipton et al",15100,0,15100
Another Planet Entertainment,13600,0,13600
KPMG LLP,13300,7500,5800
Amazon.com,13000,10000,3000
Google Inc,12075,5000,7075
Certain Inc,11600,0,11600
"Cotchett, Pitre & McCarthy",37850,0,37850
Genentech Inc,23900,10000,13900
Howard Properties,11600,0,11600
Sv Angel LLC,11600,0,11600
International Brotherhood of Electrical Workers,10000,10000,0
Machinists/Aerospace Workers Union,10000,10000,0
Plumbers/Pipefitters Union Local 467,10000,10000,0
Teamsters Union,10000,10000,0
United Food & Commercial Workers Union,10000,10000,0
Achieve (California),8700,0,8700
Ascend Clinical,92800,0,92800
Intuit Inc,32350,10000,22350
"Kleiner, Perkins et al",17400,0,17400
Novocure Inc,16050,10000,6050
Stanford University,15511,0,15511
Oracle Corp,13165,5140,8025
Google Inc,12700,10000,2700
DISH Network,11600,0,11600
Flex Logix Technologies,11600,0,11600
Granite Telecommunications,11600,0,11600
Google Inc,119376,0,119376
JStreetPAC,45575,0,45575
"Wilson, Sonsini et al",43400,0,43400
Accel Partners,34600,0,34600
Stanford University,33372,0,33372
Cooley Llp,29300,0,29300
Y Combinator,25900,0,25900
US Venture Partners,24900,0,24900
"Kleiner, Perkins et al",23200,0,23200
McKinsey & Co,23150,0,23150
Google Inc,86950,10000,76950
"Fragomen, Del Rey et al",76600,0,76600
Cisco Systems,61450,10000,51450
Apple Inc,36575,0,36575
Meta,29350,6000,23350
Butler Amusements,26612,0,26612
"Kleiner, Perkins et al",23200,0,23200
Sv Angel LLC,23200,0,23200
Amazon.com,20800,10000,10800
Intuit Inc,16900,7500,9400
Democracy Engine,58099,0,58099
American Hospital Assn,15800,10000,5800
Select Medical Corp,15600,10000,5600
Morgan Stanley,10500,10000,500
Mainspring Energy,10300,0,10300
Abbott Laboratories,10000,10000,0
American Bankers Assn,10000,10000,0
American Crystal Sugar,10000,10000,0
American Federation of State/Cnty/Munic Employees,10000,10000,0
American Federation of Teachers,10000,10000,0
American Israel Public Affairs Cmte,108350,7900,100450
Enterprise Products Partners,72400,0,72400
DISH Network,43700,5000,38700
Comcast Corp,37185,10000,27185
ConocoPhillips,32400,10000,22400
Rdv Corp,29000,0,29000
Federated Investors Inc,28600,0,28600
Cantor Fitzgerald,23400,0,23400
Harbinger Strategies,22900,0,22900
Wells Fargo,22878,10000,12878
Forhan Co,11600,0,11600
Wonderful Co,11600,0,11600
AT&T Inc,11500,10000,1500
PG&E Corp,10999,9999,1000
Edison Electric Institute,10500,7500,3000
Across the Aisle PAC,10000,10000,0
American Bankers Assn,10000,10000,0
American Crystal Sugar,10000,10000,0
American Federation of Teachers,10000,10000,0
American Pistachio Growers,10000,10000,0
Votesane PAC,113500,0,113500
American Israel Public Affairs Cmte,33050,7900,25150
PG&E Corp,29145,9695,19450
Granville Homes,13600,0,13600
Advance Beverage,11600,0,11600
ClearPath Action,11600,0,11600
De Anza Properties,11600,0,11600
Dimensional Fund Advisors,11600,0,11600
Marcus Foundation,11600,0,11600
Singh Semiconductors,11600,0,11600
Exquadrum Inc,14500,0,14500
Esri,11600,0,11600
California Strategies,11400,0,11400
Karem Aircraft,10700,0,10700
AT&T Inc,10000,10000,0
Eye of the Tiger PAC,10000,10000,0
Majority Cmte PAC,10000,10000,0
Snow Sugar Shop,8700,0,8700
Steadfast Companies,8300,0,8300
Comcast Corp,8000,8000,0
Carnival Corp,11600,0,11600
Esri,11600,0,11600
Proctor Lane Investments,11600,0,11600
Sparagna & Sparagna,11600,0,11600
Tiger Moon Group,11600,0,11600
Gilbert & Jacki Cisneros Foundation,11400,0,11400
Advanced Scientific Concepts,11200,0,11200
Cate School,11200,0,11200
Diani Co,11200,0,11200
Rusack Vineyards,11200,0,11200
US Acute Care Solutions,20200,10000,10200
St George's University,17400,0,17400
GRAIL Inc,14000,10000,4000
Hogan Lovells,12100,0,12100
Comcast Corp,12000,10000,2000
Latham & Watkins,11950,0,11950
"English, Lloyd & Armenta",11600,0,11600
Pohlad Companies,11600,0,11600
PZ International Consulting,11600,0,11600
Walter Clark Legal Group,11600,0,11600
American Israel Public Affairs Cmte,21000,7900,13100
Sparagna & Sparagna,17547,0,17547
Democracy Engine,16400,0,16400
AmeriPAC: The Fund for a Greater America,12000,10000,2000
Frontline USA,11800,6000,5800
Patagonia Works,11600,0,11600
Rustic Canyon Partners,11500,0,11500
JStreetPAC,11050,3000,8050
Elevance Health,10800,5000,5800
Ventura County Office of Education,10500,0,10500
American Israel Public Affairs Cmte,31798,7900,23898
Centaurus Financial,14500,0,14500
Salem Media Group,14300,8500,5800
Raytheon Technologies,13900,10000,3900
Aerovironment Inc,12650,3900,8750
Utility Trailer Manufacturing Co,12600,0,12600
Northrop Grumman,12154,10000,2154
Edward G Lewis PC,12103,0,12103
Alliance Rental Solutions,11600,0,11600
California Resources Corp,11600,0,11600
Garfield Health Center,11600,0,11600
Royal Business Bank,10200,0,10200
American Crystal Sugar,10000,10000,0
American Federation of State/Cnty/Munic Employees,10000,10000,0
American Federation of Teachers,10000,10000,0
AT&T Inc,10000,10000,0
Carpenters & Joiners Union,10000,10000,0
Honeywell International,10000,10000,0
International Brotherhood of Electrical Workers,10000,10000,0
Machinists/Aerospace Workers Union,10000,10000,0
American Israel Public Affairs Cmte,66400,2100,64300
PG&E Corp,13000,10000,3000
AT&T Inc,12000,10000,2000
Morongo Band of Mission Indians,11400,0,11400
Comcast Corp,10250,10000,250
Abbott Laboratories,10000,10000,0
American Assn/Oral & Maxillofacial Surg,10000,10000,0
American Crystal Sugar,10000,10000,0
American Federation of State/Cnty/Munic Employees,10000,10000,0
Amgen Inc,10000,10000,0
University of California/Los Angeles,24345,0,24345
Sv Angel LLC,23200,0,23200
Wonderful Co,23200,0,23200
"Buchanan, Ingersoll & Rooney",22400,0,22400
"English, Munger & Rice",20900,0,20900
McArthurglen Group,20300,0,20300
Edison International,20050,10000,10050
State of California,18540,0,18540
"Dreyer, Babich et al",17400,0,17400
Lauder Partners,17400,0,17400
Democracy Engine,29000,0,29000
American Crystal Sugar,10000,10000,0
American Federation of State/Cnty/Munic Employees,10000,10000,0
Carpenters & Joiners Union,10000,10000,0
National Union of Healthcare Workers,10000,10000,0
Air Line Pilots Assn,8000,8000,0
American Council of Engineering Cos,8000,8000,0
National Assn of Realtors,8000,8000,0
American Israel Public Affairs Cmte,7900,7900,0
American Federation of Teachers,7500,7500,0
Democracy Engine,82700,0,82700
Kaiser Permanente,20900,0,20900
Farmers Group,20000,20000,0
Blackstone Group,19000,0,19000
NASDAQ Inc,13500,4000,9500
Amscot Financial,12500,0,12500
Lieberman Research Worldwide,11800,0,11800
Fidelity Investments,11750,0,11750
Dr Jane Lindberg,11600,0,11600
"Garhwal, Chan & Williams",11600,0,11600
Votesane PAC,103150,6650,96500
American Israel Public Affairs Cmte,101800,7900,93900
Gentex,27200,10000,17200
SchoolsFirst Federal Credit Union,15200,10000,5200
JStreetPAC,14650,2500,12150
Telacu,13700,0,13700
Gentex Corp,13200,0,13200
General Atomics,13000,10000,3000
Esri,12775,0,12775
National Air Traffic Controllers Assn,12500,12500,0
Democracy Engine,31650,0,31650
Capital Group,25000,0,25000
Capital Group Companies,17500,10000,7500
Royal Business Bank,17400,0,17400
"Hansen, Jacobson et al",11400,0,11400
Future Forum PAC,10500,10500,0
National Assn of Realtors,10250,10000,250
Service Employees International Union,10150,10000,150
American Federation of State/Cnty/Munic Employees,10000,10000,0
American Federation of Teachers,10000,10000,0
Democracy Engine,32450,0,32450
National Assn of Letter Carriers,12500,12500,0
American Crystal Sugar,10000,10000,0
American Federation of State/Cnty/Munic Employees,10000,10000,0
American Federation of Teachers,10000,10000,0
AT&T Inc,10000,10000,0
Carpenters & Joiners Union,10000,10000,0
Credit Union National Assn,10000,10000,0
Delta Air Lines,10000,10000,0
International Brotherhood of Electrical Workers,10000,10000,0
Democracy Engine,71710,0,71710
Pro-Israel America PAC,34700,0,34700
Belkin International,11600,0,11600
DreamWorks Animation SKG,11600,0,11600
Faraday Future,11600,0,11600
AT&T Inc,10750,10000,750
Walt Disney Co,10300,2500,7800
American Crystal Sugar,10000,10000,0
American Federation of State/Cnty/Munic Employees,10000,10000,0
Carpenters & Joiners Union,10000,10000,0
Democracy Engine,25600,0,25600
JStreetPAC,16010,0,16010
DreamWorks Animation SKG,11600,0,11600
American Assn for Justice,10000,10000,0
Carpenters & Joiners Union,10000,10000,0
Credit Union National Assn,10000,10000,0
Elect Democratic Women,10000,10000,0
Fox Corp,10000,10000,0
Home Depot,10000,10000,0
International Assn of Fire Fighters,10000,10000,0
"Fragomen, Del Rey et al",25450,0,25450
Kleansupply LLC,11600,0,11600
American Crystal Sugar,10000,10000,0
American Federation of State/Cnty/Munic Employees,10000,10000,0
American Podiatric Medical Assn,10000,10000,0
American Resort Development Assn,10000,10000,0
AT&T Inc,10000,10000,0
Carpenters & Joiners Union,10000,10000,0
Communications Workers of America,10000,10000,0
Council of Insurance Agents & Brokers,10000,10000,0
Esri,13110,0,13110
Coldwell Banker,11870,0,11870
Optimum Group,11600,0,11600
Veterans United Home Loans,11600,0,11600
American Crystal Sugar,10000,10000,0
American Federation of Government Employees,10000,10000,0
American Federation of State/Cnty/Munic Employees,10000,10000,0
American Federation of Teachers,10000,10000,0
Carpenters & Joiners Union,10000,10000,0
Communications Workers of America,10000,10000,0
Votesane PAC,107000,0,107000
American Israel Public Affairs Cmte,46799,7900,38899
Republican Jewish Coalition,36523,2500,34023
Blackstone Group,20300,0,20300
Hager Pacific Properties,17400,0,17400
Stephens Inc,17400,0,17400
Seville Classics,13984,0,13984
Spencer Enterprises,12350,0,12350
New York Life Insurance,12050,10000,2050
Adobe Inc,11600,0,11600
American Israel Public Affairs Cmte,110125,7900,102225
General Atomics,50150,10000,40150
General Dynamics,47000,10000,37000
Leidos Inc,41500,10000,31500
Innovative Federal Strategies,25100,0,25100
Sierra Nevada Corp,21600,10000,11600
SpaceX,21400,10000,11400
Van Scoyoc Assoc,21200,0,21200
Raytheon Technologies,20450,10000,10450
II-VI Inc,19500,10000,9500
American Israel Public Affairs Cmte,66700,7900,58800
Waterford Property Co,23200,0,23200
Integral Communities,17400,0,17400
Lyon Living,13800,0,13800
Curtin Maritime,11600,0,11600
DreamWorks Animation SKG,11600,0,11600
"Keesal, Young & Logan",10050,0,10050
Beverly Connection Rockets,10000,0,10000
Carpenters & Joiners Union,10000,10000,0
Committee for Hispanic Causes-BOLD PAC,10000,10000,0
McDonalds Francise Owner,68000,0,68000
Apollo Global Management,19400,0,19400
Sv Angel LLC,11600,0,11600
Masimo Corp,10800,0,10800
AFLAC Inc,10000,10000,0
American Council of Life Insurers,10000,10000,0
American Federation of State/Cnty/Munic Employees,10000,10000,0
American Federation of Teachers,10000,10000,0
American Property Casualty Insurance Assn,10000,10000,0
Appraisal Institute,10000,10000,0
American Israel Public Affairs Cmte,37100,2100,35000
"Buchanan, Ingersoll & Rooney",11600,0,11600
American Crystal Sugar,10000,10000,0
American Federation of State/Cnty/Munic Employees,10000,10000,0
Carpenters & Joiners Union,10000,10000,0
Comcast Corp,10000,10000,0
Cox Enterprises,10000,10000,0
Edison International,10000,10000,0
Honeywell International,10000,10000,0
Machinists/Aerospace Workers Union,10000,10000,0
American Israel Public Affairs Cmte,109849,7900,101949
New York Life Insurance,15750,15000,750
Word & Brown,15500,0,15500
2nd Request Made,12830,0,12830
Pence Wealth Management,12600,0,12600
No Nonsense PAC,12500,12500,0
Active USA,11600,0,11600
AQR Capital Management,11600,0,11600
Ball Ventures,11600,0,11600
Dimensional Fund Advisors,11600,0,11600
Democracy Engine,19250,0,19250
Edwards Lifesciences,11250,10000,1250
American Bankers Assn,10000,10000,0
American Society of Anesthesiologists,10000,10000,0
AT&T Inc,10000,10000,0
Blue Dog PAC,10000,10000,0
Border Health,10000,10000,0
Carpenters & Joiners Union,10000,10000,0
Communications Workers of America,10000,10000,0
Credit Union National Assn,10000,10000,0
Democracy Engine,103082,0,103082
University of California/Irvine,74771,0,74771
JStreetPAC,58877,0,58877
EMILY's List,42211,10000,32211
Democratic Congressional Campaign Cmte,37760,5860,31900
Digidems PAC,29700,5000,24700
Google Inc,17763,0,17763
"Lieff, Cabraser et al",15950,0,15950
State of California,15403,0,15403
Democrats of Orange County PAC,15000,15000,0
American Israel Public Affairs Cmte,29700,7900,21800
Consumer Technology Assn,12000,12000,0
Dimensional Fund Advisors,11600,0,11600
Marcus Foundation,11600,0,11600
Standard Industries,11600,0,11600
Western National Group,11600,0,11600
Western States Investment,11600,0,11600
American Iron & Steel Institute,10000,10000,0
General Atomics,10000,10000,0
Huck PAC,10000,10000,0
Democracy Engine,138032,0,138032
JStreetPAC,46937,1000,45937
Frontline USA,38585,7500,31085
Digidems PAC,26912,1312,25600
American Israel Public Affairs Cmte,22550,7900,14650
Royal Business Bank,22300,0,22300
Pro-Israel America PAC,21700,1000,20700
Google Inc,18442,0,18442
Telegraph Hill Partners,17500,0,17500
Newkirk Enterprises,17100,0,17100
Democracy Engine,120000,0,120000
"Robbins, Geller et al",26650,0,26650
Qualcomm Inc,23400,5000,18400
Amgen Inc,21450,10000,11450
Blackstone Group,21300,0,21300
Biotechnology Innovation Organization,20300,10000,10300
Americans for Action On Climate Fund,19900,10000,9900
"Kleiner, Perkins et al",17400,0,17400
Ra Capital,17400,0,17400
American Clinical Laboratory Assn,16000,15000,1000
JStreetPAC,24050,1500,22550
University of California/San Diego,12750,0,12750
Jacobs Investment Co,11600,0,11600
Qualcomm Inc,11600,0,11600
Waxie Sanitary Supplies,11600,0,11600
American Federation of State/Cnty/Munic Employees,10000,10000,0
Carpenters & Joiners Union,10000,10000,0
"Sheet Metal, Air, Rail & Transportation Union",10000,10000,0
Democracy Engine,9700,0,9700
ViaSat Inc,9000,0,9000
American Israel Public Affairs Cmte,55600,7900,47700
Elliott Management,30580,0,30580
American Federation of Teachers,12500,12500,0
Elm Grove Strategies,11600,0,11600
American Crystal Sugar,10000,10000,0
American Institute of CPAs,10000,10000,0
Ernst & Young,10000,10000,0
Farmers Group,10000,10000,0
LPL Financial,10000,10000,0
Machinists/Aerospace Workers Union,10000,10000,0
Hueston Hennigan Llp,135400,0,135400
Democracy Engine,122230,0,122230
"Cotchett, Pitre & McCarthy",71950,0,71950
E&J Gallo Winery,60575,0,60575
Comcast Corp,59300,20000,39300
Edison International,52200,20000,32200
Sv Angel LLC,40600,0,40600
"Dreyer, Babich et al",38700,0,38700
"Robbins, Geller et al",37950,0,37950
"Kleiner, Perkins et al",37600,0,37600
EMILY's List,108450,10000,98450
PG&E Corp,49035,8000,41035
Pisces Inc,45900,0,45900
JPMorgan Chase & Co,42300,0,42300
Estee Lauder Companies,34400,0,34400
JStreetPAC,32400,0,32400
MC Strauss Co,30000,0,30000
Democracy Engine,28699,0,28699
"Akin, Gump et al",28652,2250,26402
"Casey, Gerry et al",28650,0,28650
DISH Network,15100,3500,11600
Select Medical Corp,15000,10000,5000
JStreetPAC,12720,3000,9720
Chotin Group,12350,0,12350
Medquest Pharmacy,11600,0,11600
Pisces Inc,11600,0,11600
Empower Pharmacy,10800,5000,5800
Abbott Laboratories,10000,10000,0
American Assn for Justice,10000,10000,0
American Federation of State/Cnty/Munic Employees,10000,10000,0
Holland & Hart,45450,5000,40450
"Brownstein, Hyatt et al",25000,0,25000
American Israel Public Affairs Cmte,21700,4200,17500
Democracy Engine,15000,0,15000
DISH Network,15000,3400,11600
Elevations Credit Union,14350,0,14350
Vail Resorts,13300,7500,5800
State Of Colorado,11920,0,11920
Arista Networks,11600,0,11600
Foundry Group,11600,0,11600
House Freedom Fund,204021,10000,194021
Cusumano Real Estate Group,21200,0,21200
Dd Marketing,13300,0,13300
Enstrom Candies,12100,0,12100
Beaman Ventures,11600,0,11600
Cfpm LLC,11600,0,11600
Dimensional Fund Advisors,11600,0,11600
Ktnapier Investments,11600,0,11600
Marcus Foundation,11600,0,11600
Peerless Tyre Co,11600,0,11600
American Israel Public Affairs Cmte,34000,10000,24000
House Freedom Fund,28550,10000,18550
DISH Network,21700,10000,11700
University of Colorado,11950,0,11950
Anheuser-Busch,10000,10000,0
Charter Communications,10000,10000,0
Huck PAC,10000,10000,0
Koch Industries,10000,10000,0
Project West PAC,10000,10000,0
Yelp Inc,9500,8000,1500
American Israel Public Affairs Cmte,31300,10000,21300
Sierra Nevada Corp,10300,4500,5800
L3Harris Technologies,10000,10000,0
Total Military Management,10000,0,10000
Kratos Defense & Security Solutions,9000,9000,0
V2X Inc,8650,5650,3000
National Auto Dealers Assn,7500,7500,0
Raytheon Technologies,7500,7500,0
SpaceX,7500,7500,0
AT&T Inc,6000,6000,0
Holland & Hart,43550,2500,41050
JStreetPAC,23725,3000,20725
American Israel Public Affairs Cmte,22300,10000,12300
"Brownstein, Hyatt et al",15850,0,15850
DISH Network,14150,0,14150
University of Colorado,13424,0,13424
Palantir Technologies,12525,0,12525
Sallyport Investments,11600,0,11600
Haberfeld Assoc,11400,0,11400
Considered Media,11200,0,11200
JStreetPAC,34152,2973,31179
Democracy Engine,29927,0,29927
University Of Colorado,25127,0,25127
State of Colorado,23955,0,23955
Digidems PAC,23200,0,23200
AmeriPAC: The Fund for a Greater America,22400,10000,12400
New Democrat Coalition,17800,8500,9300
Frontline USA,16300,10000,6300
Microsoft Corp,16177,0,16177
University of Denver,14880,0,14880
EMILY's List,74388,5000,69388
JStreetPAC,53423,2976,50447
League of Conservation Voters,49035,7505,41530
University of Colorado,25425,0,25425
AmeriPAC: The Fund for a Greater America,22500,10000,12500
State of Colorado,22175,0,22175
Womencount PAC,22050,0,22050
New Democrat Coalition,15800,10000,5800
University of Colorado Medical School,14108,0,14108
DemocracyFirst PAC,13600,0,13600
Democracy Engine,238482,0,238482
American Israel Public Affairs Cmte,116850,10000,106850
Blackstone Group,74100,0,74100
Votesane PAC,65500,0,65500
"Paul, Weiss et al",57300,0,57300
University of Colorado,56873,0,56873
DISH Network,52098,0,52098
Democratic Senatorial Campaign Cmte,51200,51200,0
Arnold & Porter Kaye Scholer,48775,6000,42775
Wilmerhale Llp,42565,0,42565
Democracy Engine,241066,0,241066
Google Inc,236768,0,236768
JStreetPAC,159907,85,159822
University of Colorado,133083,0,133083
Microsoft Corp,104113,0,104113
Harvard University,85508,0,85508
Apple Inc,70699,0,70699
US Government,68601,0,68601
Meta,63053,0,63053
Amazon.com,60853,0,60853
Guardian Life Insurance,16500,10000,6500
Ang Inc,12600,0,12600
Raytheon Technologies,12450,10000,2450
Data-Mail Inc,12000,0,12000
Actualmeds,11600,0,11600
WEX Health,11600,0,11600
AFLAC Inc,10000,10000,0
Ambulatory Surgery Center Assn,10000,10000,0
American Assn of Orthopaedic Surgeons,10000,10000,0
American Bankers Assn,10000,10000,0
General Dynamics,39625,10000,29625
Electric Boat Corp,24150,0,24150
JStreetPAC,18150,4500,13650
Cross Sound Ferry,17400,0,17400
American Israel Public Affairs Cmte,16900,7900,9000
Athena Health Care Systems,16700,0,16700
Frontline USA,12900,10000,2900
Northlane Capital Partners,11600,0,11600
American Assn for Justice,10000,10000,0
American Federation of State/Cnty/Munic Employees,10000,10000,0
Lockheed Martin,74480,10000,64480
American Israel Public Affairs Cmte,40100,7900,32200
Yale University,27735,0,27735
Alzheimer's Assn,15800,10000,5800
USA Farm Worker PAC,13000,13000,0
National Rural Electric Cooperative Assn,12500,12500,0
Kolmar Americas,11800,0,11800
Hamsterhead Inc,11600,0,11600
Cavarocchi Ruscio Dennis Assoc,11500,0,11500
JStreetPAC,10300,3500,6800
American Israel Public Affairs Cmte,39300,7900,31400
Apollo Global Management,23100,0,23100
JPMorgan Chase & Co,17800,10000,7800
Wells Fargo,15000,15000,0
Fermat Capital Management,12600,0,12600
Alternative Investment Group,11600,0,11600
Apiject Systems,11600,0,11600
Malkin Holdings,11600,0,11600
Silver Lake Partners,11200,0,11200
KPMG LLP,10900,9000,1900
Frontline USA,37175,7500,29675
Democracy Engine,34600,0,34600
Digidems PAC,34571,5000,29571
DemocracyFirst PAC,34112,0,34112
JStreetPAC,31500,1000,30500
EMILY's List,27325,10000,17325
AmeriPAC: The Fund for a Greater America,23400,10000,13400
League of Conservation Voters,15875,5425,10450
American Israel Public Affairs Cmte,14900,2900,12000
Union Square Hospitality Group,11600,0,11600
"Paul, Weiss et al",150103,0,150103
Yale University,118919,0,118919
JStreetPAC,63940,0,63940
Elliott Management,46470,0,46470
JPMorgan Chase & Co,45313,2500,42813
Sullivan & Cromwell,39495,0,39495
"Lieff, Cabraser et al",32218,0,32218
Morgan Stanley,31570,5500,26070
Charter Communications,31008,10000,21008
State of Connecticut,28616,0,28616
American Israel Public Affairs Cmte,148013,7900,140113
"Paul, Weiss et al",83625,0,83625
Apollo Global Management,65200,0,65200
Pro-Israel America PAC,51600,0,51600
Charter Communications,50314,10000,40314
Yale University,46733,0,46733
Gori Law Firm,41099,0,41099
Microsoft Corp,39493,10000,29493
Simmons Hanly Conroy,33600,0,33600
"Wachtell, Lipton et al",33040,0,33040
Votesane PAC,103000,0,103000
"Young, Conaway et al",61460,0,61460
Ballard Spahr LLP,23490,9750,13740
McCarter & English,20000,0,20000
State Of Delaware,18455,0,18455
Blue Hen PAC,15000,15000,0
"Richards, Layton & Finger",13000,0,13000
Epic Research,11600,0,11600
Halosil International,11475,0,11475
DuPont Co,11425,7500,3925
MetLife Inc,59200,10000,49200
Democracy Engine,51249,0,51249
DuPont Co,38355,11000,27355
Goldman Sachs,33725,15000,18725
Blackstone Group,27500,0,27500
Hallmark Cards,25500,6000,19500
Buccini/Pollin Group,23600,0,23600
Merck & Co,23155,10000,13155
Holland & Knight,22800,15000,7800
JPMorgan Chase & Co,21375,7500,13875
"Young, Conaway et al",102725,0,102725
Apollo Global Management,79100,0,79100
Jane Street Capital,54100,0,54100
DuPont Co,36580,6000,30580
"Paul, Weiss et al",33900,0,33900
Democracy Engine,32500,0,32500
Amgen Inc,31000,7500,23500
K&L Gates,29105,9000,20105
Centerview Partners,28000,0,28000
Goldman Sachs,27600,12500,15100
Babylon Bee,11600,0,11600
Big Picture,11600,0,11600
Cassidy Organization,11600,0,11600
Goldcoast Logistics Group,11600,0,11600
US Government,9105,0,9105
Ditch Digger,6050,0,6050
Clarke Insurance,5800,0,5800
Clarke Neurology,5800,0,5800
Dermpath Diagnostics,5800,0,5800
Fabick Caterpillar,5800,0,5800
American Israel Public Affairs Cmte,18200,2900,15300
Lewis Bear Co,16200,0,16200
Regenative Labs,15000,0,15000
American Defense International,13600,0,13600
Continental Pacific LLC,10875,0,10875
Great South Timber,10800,0,10800
American Assn of Orthopaedic Surgeons,10000,10000,0
American Crystal Sugar,10000,10000,0
American Optometric Assn,10000,10000,0
American Society of Anesthesiologists,10000,10000,0
Gleim Publications,23200,0,23200
JB Coxwell Contracting,17400,0,17400
Dimare Homestead,15500,0,15500
Red Apple Group,14500,0,14500
Cecil W Powell & Co,12000,0,12000
Trimark Properties,11850,0,11850
Alliance & Assoc,11600,0,11600
Brown Gibbons Lang & Co,11600,0,11600
G4S Secure Solutions,11600,0,11600
Landscaping Sod & Beyond,11600,0,11600
Adelanto Healthcare Ventures,11600,0,11600
American Dental Assn,10000,10000,0
American Israel Public Affairs Cmte,10000,10000,0
Credit Union National Assn,10000,10000,0
Eye of the Tiger PAC,10000,10000,0
Majority Cmte PAC,10000,10000,0
National Assn of Realtors,10000,10000,0
National Auto Dealers Assn,10000,10000,0
Pediatrix Medical Group,10000,10000,0
US Sugar,10000,10000,0
American Israel Public Affairs Cmte,22000,10000,12000
Total Military Management,20000,0,20000
JB Coxwell Contracting,17400,0,17400
Frp Holdings,11600,0,11600
Greenpointe Holdings,11600,0,11600
Hutson Companies,11600,0,11600
Petro Services (Florida),11600,0,11600
Ring Power Corp,11600,0,11600
Sierra Nevada Corp,10400,7500,2900
American Maritime Officers,10000,10000,0
American Israel Public Affairs Cmte,35251,4200,31051
Total Military Management,21600,0,21600
General Dynamics,12500,8500,4000
US Sugar,12500,7500,5000
Sierra Nevada Corp,12300,6500,5800
Brown & Brown Insurance,11600,0,11600
Goldcoast Logistics Group,11600,0,11600
Gula Tech Adventures,11600,0,11600
ICI Homes,11600,0,11600
Amentum Services,10500,10000,500
South Wake Capital,14500,0,14500
Florida Crystals,13000,0,13000
Buckley Muething Capital Management,11600,0,11600
Congressional Leadership Fund,10000,10000,0
Madison Project,10000,10000,0
Majority Cmte PAC,10000,10000,0
National Assn of Realtors,10000,10000,0
Apollo Ventures Partners,5800,0,5800
Duchossois Group,5800,0,5800
Pacem,5800,0,5800
L3Harris Technologies,36000,10000,26000
House Freedom Fund,27400,10000,17400
American Assn/Oral & Maxillofacial Surg,10000,10000,0
American Bankers Assn,10000,10000,0
American Dental Assn,10000,10000,0
American Israel Public Affairs Cmte,10000,10000,0
Bechtel Group,10000,10000,0
Credit Union National Assn,10000,10000,0
Lockheed Martin,10000,10000,0
National Assn of Realtors,10000,10000,0
Votesane PAC,95500,0,95500
Poet LLC,15800,10000,5800
AT&T Inc,11250,10000,1250
US Sugar,10500,5000,5500
Digital Currency Group,10250,0,10250
American Assn of Orthopaedic Surgeons,10000,10000,0
American College of Radiology,10000,10000,0
American Federation of State/Cnty/Munic Employees,10000,10000,0
Charter Communications,10000,10000,0
Cigna Corp,10000,10000,0
Grassroots Analytics LLC,10710,0,10710
Service Employees International Union,10197,10000,197
Communications Workers of America,10000,10000,0
End Citizens United,10000,10000,0
"Sheet Metal, Air, Rail & Transportation Union",10000,10000,0
Transport Workers Union,10000,10000,0
VMD Ventures,10000,0,10000
Bluebird Diner,8700,0,8700
Bridge Investment Group,7300,0,7300
Painters & Allied Trades Union,7000,7000,0
Frontline Homeowners Insurance,19400,0,19400
US Sugar,12500,7500,5000
Air Products & Chemicals Inc,11600,0,11600
Fun Spot America,11600,0,11600
LeeVista Center,11600,0,11600
Sea & Shoreline LLC,11600,0,11600
Phoenix American Insurance Group,11200,0,11200
The Villages,11200,0,11200
American Israel Public Affairs Cmte,10000,10000,0
Eye of the Tiger PAC,10000,10000,0
Igas Usa,25500,0,25500
National Assn of Broadcasters,14100,10000,4100
Lincare,13000,0,13000
Harborlight Holdings LLC,11600,0,11600
Nwtc,11200,0,11200
Sawyer Products,11200,0,11200
American Academy of Ophthalmology,10000,10000,0
American Dental Assn,10000,10000,0
American Israel Public Affairs Cmte,10000,10000,0
American Physical Therapy Assn,10000,10000,0
House Freedom Fund,116312,10000,106312
Club for Growth,45215,0,45215
Woodforest National Bank,19016,0,19016
US Sugar,15000,10000,5000
American Power & Gas,11600,0,11600
Ashley Furniture,11600,0,11600
Blu Nile Films,11600,0,11600
Pharmasphere Inc,11600,0,11600
Quality One Wireless,11600,0,11600
Mobile Management,11402,0,11402
Democracy Engine,79100,0,79100
National Assn of Broadcasters,23450,10000,13450
University of South Florida,21518,0,21518
Amscot Financial,15800,0,15800
iHeartMedia Inc,12000,10000,2000
Stonemor Partners,11600,0,11600
Comcast Corp,11000,9500,1500
Brown & Brown Insurance,10250,0,10250
American Assn for Justice,10000,10000,0
American Israel Public Affairs Cmte,10000,10000,0
Cassidy Organization,12850,0,12850
Capital City Consulting,12700,0,12700
Ashley Furniture,11600,0,11600
Cool Master Pro LLC,11600,0,11600
ICI Homes,11600,0,11600
McCormick Drive LLC (Ronald Wanek),11600,0,11600
Pepin Distributing,11600,0,11600
Lewis Bear Co,10800,0,10800
AD Mackinnon Family Ltd Partnereship,10700,0,10700
Publix Super Markets,10350,6000,4350
Votesane PAC,134750,0,134750
NextEra Energy,53400,5000,48400
Ryan LLC,44100,10000,34100
American Israel Public Affairs Cmte,40050,10000,30050
Advocate Radiation Oncology,34000,0,34000
Publix Super Markets,31000,10000,21000
Select Medical Corp,20600,10000,10600
Axxess Technology Solutions,20000,5000,15000
Florida Power & Light,15900,0,15900
Van Scoyoc Assoc,15828,3278,12550
American Israel Public Affairs Cmte,34000,10000,24000
Club for Growth,21498,0,21498
US Sugar,12725,7500,5225
Nextone LLC,11600,0,11600
Associated Builders & Contractors,10000,10000,0
Charter Communications,10000,10000,0
Eye of the Tiger PAC,10000,10000,0
Florida Crystals,10000,0,10000
GuideWell,10000,10000,0
Koch Industries,10000,10000,0
US Sugar,15000,5000,10000
Oakley Transport,14122,0,14122
Publix Super Markets,13800,8000,5800
Dimensional Fund Advisors,11600,0,11600
Marcus Foundation,11600,0,11600
Western National Group,11600,0,11600
American Israel Public Affairs Cmte,10000,10000,0
Council of Insurance Agents & Brokers,10000,10000,0
Eye of the Tiger PAC,10000,10000,0
Federal Aviation Admin Managers Assn,10000,10000,0
American Israel Public Affairs Cmte,25277,7900,17377
"Welsh, Carson et al",23200,0,23200
House Freedom Fund,21600,10000,11600
Moran Wealth Management,14100,0,14100
Kirkland & Ellis,12600,0,12600
1A AUTO INC,11600,0,11600
Investments Ltd,11600,0,11600
Sunshine Gasoline Distributors,11600,0,11600
Trian Fund Management,11600,0,11600
Advocate Radiation Oncology,11400,0,11400
American Israel Public Affairs Cmte,38100,10000,28100
Florida Crystals,29000,0,29000
Trinity Health Care Services,17400,0,17400
American Federation of Teachers,15000,15000,0
American Assn for Justice,10000,10000,0
"Sheet Metal, Air, Rail & Transportation Union",10000,10000,0
US Sugar,10000,10000,0
Inova,7800,0,7800
Carnival Cruise Lines,7500,0,7500
NextEra Energy,7500,7500,0
American Israel Public Affairs Cmte,101843,10000,91843
Priderock Capital Partners,12640,0,12640
Buckley Muething Capital Management,11600,0,11600
Lgl Recycling,11600,0,11600
Noble Properties (Florida),11600,0,11600
Silgan Holdings,11600,0,11600
Sintavia,11600,0,11600
Trident Capital,11600,0,11600
American Bankers Assn,10000,10000,0
Carpenters & Joiners Union,10000,10000,0
American Israel Public Affairs Cmte,54860,10000,44860
Pro-Israel America PAC,24500,0,24500
US Sugar,12500,10000,2500
Mack Construction,11600,0,11600
Prospect Hotel Advisors,11600,0,11600
Related Companies,10800,0,10800
St George's University,10800,0,10800
American Assn for Justice,10000,10000,0
American Crystal Sugar,10000,10000,0
American Federation of State/Cnty/Munic Employees,10000,10000,0
American Israel Public Affairs Cmte,28900,10000,18900
Capital City Consulting,23800,0,23800
Lennar Corp,18400,0,18400
Ashbritt Environmental,17400,0,17400
CDR Maguire Inc,14500,0,14500
Lsn Partners,14500,0,14500
Tetra Tech,12600,0,12600
US Sugar,12000,10000,2000
Adelanto Healthcare Ventures,11600,0,11600
David Mancini & Sons,11600,0,11600
Carnival Corp,11600,0,11600
American Israel Public Affairs Cmte,10500,10000,500
American Federation of State/Cnty/Munic Employees,10000,10000,0
American Federation of Teachers,10000,10000,0
AT&T Inc,10000,10000,0
Machinists/Aerospace Workers Union,10000,10000,0
Service Employees International Union,10000,10000,0
Communications Workers of America,9000,9000,0
Cruise Lines International Assn,9000,8500,500
FedEx Corp,8000,8000,0
American Israel Public Affairs Cmte,99610,10000,89610
Leon Medical Centers,34800,0,34800
Haggard Law Firm,25600,0,25600
Southern Glazer's Wine & Spirits,21600,10000,11600
Hollywood Animal Hospital,13100,0,13100
"Akin, Gump et al",11900,2500,9400
Bf Group,11600,0,11600
Cc1 Companies,11600,0,11600
DreamWorks Animation SKG,11600,0,11600
Florida Crystals,11600,0,11600
American Israel Public Affairs Cmte,23800,10000,13800
Florida Crystals,21300,0,21300
Southern Glazer's Wine & Spirits,18600,10000,8600
US Sugar,17000,9500,7500
General Atomics,16500,10000,6500
General Dynamics,15000,10000,5000
Heico Corp,14500,0,14500
Advocate Radiation Oncology,11600,0,11600
Codina Partners,11600,0,11600
Condista,11600,0,11600
Duty Free Americas,23200,0,23200
American Israel Public Affairs Cmte,23156,10000,13156
Vrm Companies,21800,0,21800
L&R Structural Corp,19900,0,19900
Ideal Dental,17400,0,17400
Independence Tube,17400,0,17400
JW Childs Assoc,17400,0,17400
"Akin, Gump et al",16250,4000,12250
New York Life Insurance,15000,15000,0
Republican Jewish Coalition,14616,2500,12116
Aviator Capital Management,23200,0,23200
Duty Free Americas,23200,0,23200
GL Homes of Florida,20000,0,20000
Related Group,17400,0,17400
Valls Group (Florida),17400,0,17400
Republican Jewish Coalition,17162,2500,14662
Global Medical Response,15000,0,15000
Greenberg Traurig LLP,14500,0,14500
American Israel Public Affairs Cmte,13850,10000,3850
Florida Crystals,13600,0,13600
Club for Growth,167674,0,167674
The Villages,131750,0,131750
GEO Group,75400,10000,65400
NextEra Energy,65600,1000,64600
Home Depot,55664,10000,45664
Shutts & Bowen,50131,0,50131
State Farm Insurance,39146,0,39146
Lewis Bear Co,37800,0,37800
Full Sail,32750,0,32750
Greenberg Traurig LLP,31100,0,31100
Votesane PAC,472375,0,472375
Pro-Israel America PAC,109800,5000,104800
Republican Jewish Coalition,77736,5000,72736
The Villages,63905,0,63905
National Republican Senatorial Cmte,51200,51200,0
GEO Group,43800,-5000,48800
Leon Medical Centers,42800,0,42800
Susan B Anthony List,39116,0,39116
DCI Group,35900,0,35900
"Akin, Gump et al",34625,6000,28625
American Israel Public Affairs Cmte,22900,7900,15000
National Community Pharmacists Assn,12500,10000,2500
Dulany Industries,11600,0,11600
Medquest Pharmacy,11600,0,11600
Resource Land Consultants,11600,0,11600
Yancey Brothers,11600,0,11600
Jones Co,11400,0,11400
Coleman Co,10700,0,10700
American Optometric Assn,10500,10000,500
Animal Wellness Action,10400,6500,3900
AFLAC Inc,38950,10000,28950
Digidems PAC,26704,2933,23771
American Israel Public Affairs Cmte,21200,7900,13300
Frontline USA,18300,10000,8300
Bain Capital,14100,0,14100
Thomas Usaf Group,14100,0,14100
THEGROUP,13450,0,13450
Altria Group,12900,10000,2900
Home Depot,12900,10000,2900
Comcast Corp,12000,10000,2000
AFLAC Inc,30600,10000,20600
Cox Enterprises,28000,10000,18000
American Israel Public Affairs Cmte,26600,2100,24500
Koch Industries,15800,10000,5800
Yancey Brothers,14500,0,14500
CRH Americas,13000,10000,3000
"Brownstein, Hyatt et al",12000,3500,8500
Google Inc,12000,10000,2000
Invesco Ltd,11800,6000,5800
North Georgia Turf,11600,0,11600
International Brotherhood of Electrical Workers,15000,15000,0
Delta Air Lines,10010,10000,10
AFLAC Inc,10000,10000,0
American Assn for Justice,10000,10000,0
American Crystal Sugar,10000,10000,0
American Federation of State/Cnty/Munic Employees,10000,10000,0
AT&T Inc,10000,10000,0
Carpenters & Joiners Union,10000,10000,0
Charter Communications,10000,10000,0
Home Depot,10000,10000,0
Democracy Engine,22300,0,22300
Home Depot,20500,10000,10500
Apollo Global Management,17500,0,17500
National Air Traffic Controllers Assn,12500,12500,0
Delta Air Lines,10250,10000,250
AFLAC Inc,10000,10000,0
American Federation of State/Cnty/Munic Employees,10000,10000,0
Carpenters & Joiners Union,10000,10000,0
Congressional Black Caucus PAC,10000,10000,0
Laborers Union,10000,10000,0
Club for Growth,114468,0,114468
Wilheit Packaging,21400,0,21400
Pace-O-Matic Inc,20300,0,20300
Franklin Resources,17400,0,17400
Credit Union National Assn,15000,15000,0
Koch Industries,15000,15000,0
Bluewater International,14500,0,14500
Cox Enterprises,14500,0,14500
Investments Ltd,14500,0,14500
Xana Management,14500,0,14500
Democracy Engine,226128,0,226128
EMILY's List,53472,10000,43472
Emory University,28448,0,28448
Delta Air Lines,20991,0,20991
Bloomberg Lp,16825,0,16825
End Citizens United,16280,10000,6280
New Democrat Coalition,14900,10000,4900
Democratic Congressional Campaign Cmte,14264,664,13600
DLA Piper,13800,5000,8800
US House of Representatives,12600,0,12600
US Peanut PAC,12500,12500,0
American Israel Public Affairs Cmte,12150,7900,4250
AFLAC Inc,10000,10000,0
American Bankers Assn,10000,10000,0
American Crystal Sugar,10000,10000,0
American Peanut Shellers Assn,10000,10000,0
Cox Enterprises,10000,10000,0
Deere & Co,10000,10000,0
Home Depot,10000,10000,0
Honeywell International,10000,10000,0
House Freedom Fund,21600,10000,11600
Syfan Logistics,15800,0,15800
State of Georgia,12600,0,12600
Daniel Defense LLC,11600,0,11600
RAC Properties of Athens,11600,0,11600
Hindus of Georgia PAC,10000,10000,0
Huck PAC,10000,10000,0
Majority Cmte PAC,10000,10000,0
National Auto Dealers Assn,10000,10000,0
Pro-Genex Laboratories,8300,0,8300
Arcilla Mining & Land Co,21000,0,21000
Georgia Crown Distributing,17400,0,17400
Yancey Brothers,16500,0,16500
J&M Tank Lines,13100,0,13100
Brent Scarbrough & Co,13050,0,13050
Immec,11600,0,11600
Credit Union National Assn,10000,10000,0
House Freedom Fund,8750,5000,3750
Farmers & Merchants Bank,8700,0,8700
Goodman Construction,8700,0,8700
Apollo Global Management,21700,0,21700
American Israel Public Affairs Cmte,17900,7900,10000
Lockheed Martin,10500,10000,500
Credit Union National Assn,10000,10000,0
Ernst & Young,10000,10000,0
Mortgage Bankers Assn,10000,10000,0
National Apartment Assn,10000,10000,0
National Assn of Insurance & Financial Advisors,10000,10000,0
National Assn of Realtors,10000,10000,0
National Auto Dealers Assn,10000,10000,0
Pollard Lumber,17400,0,17400
MAU Workforce Solutions,11600,0,11600
Yancey Brothers,11600,0,11600
Home Depot,10500,10000,500
RW Allen LLC,10300,0,10300
AFLAC Inc,10000,10000,0
American Crystal Sugar,10000,10000,0
American Israel Public Affairs Cmte,10000,10000,0
Delta Air Lines,10000,10000,0
Majority Cmte PAC,10000,10000,0
Votesane PAC,93500,0,93500
American Israel Public Affairs Cmte,46700,7900,38800
National Confectioners Assn,15000,10000,5000
AFLAC Inc,12900,10000,2900
CME Group,12000,10000,2000
LHC Group,11200,0,11200
Plains Cotton Growers,11000,10000,1000
Bayer Corp,10350,10000,350
Alabama Peanut Producers Assn,10000,10000,0
American Academy of Ophthalmology,10000,10000,0
House Freedom Fund,72786,10000,62786
DTS Inc (South Carolina),11800,0,11800
Majority Cmte PAC,10000,10000,0
SpaceX,9240,0,9240
Burgerbusters Inc,7934,0,7934
Hofer Ranch,7900,0,7900
JW Childs Assoc,7800,0,7800
Archer Auto Group,7300,0,7300
Textile Rubber & Chemical Co,7250,0,7250
Ditch-Digger,7100,0,7100
Google Inc,1044041,0,1044041
Apple Inc,373777,0,373777
Microsoft Corp,342958,0,342958
Amazon.com,290021,0,290021
Meta,266153,0,266153
US Government,244546,0,244546
University Of California,225883,0,225883
Stanford University,212789,0,212789
Emory University,193117,0,193117
Democracy Engine,192792,0,192792
Google Inc,530227,0,530227
JStreetPAC,399297,0,399297
Microsoft Corp,250737,0,250737
Democracy Engine,240785,0,240785
Apple Inc,198306,0,198306
Emory University,191828,0,191828
US Government,188425,0,188425
Stanford University,160165,0,160165
Amazon.com,141088,0,141088
University of Washington,129828,0,129828
Blackstone Group,23200,0,23200
No Labels Problem Solvers,13600,5000,8600
American Hotel & Lodging Assn,10000,10000,0
American Israel Public Affairs Cmte,10000,10000,0
ATS Communications,10000,0,10000
Blue Dog PAC,10000,10000,0
International Brotherhood of Electrical Workers,10000,10000,0
L3Harris Technologies,10000,10000,0
National Assn of Realtors,10000,10000,0
"Sheet Metal, Air, Rail & Transportation Union",10000,10000,0
Matson Inc,21300,0,21300
State of Hawaii,16748,0,16748
Democracy Engine,16550,0,16550
Kaimana Hila,11809,0,11809
"Community Planning & Engineering, In",11600,0,11600
EMILY's List,11350,5000,6350
Imanaka Asato LLC,10900,0,10900
American Federation of State/Cnty/Munic Employees,10000,10000,0
Credit Union National Assn,10000,10000,0
Elect Democratic Women,10000,10000,0
Votesane PAC,204900,0,204900
Democracy Engine,41925,0,41925
Rocket Mortgage,28400,0,28400
Matson Inc,27919,10000,17919
DISH Network,24200,10000,14200
MacAndrews & Forbes,19600,10000,9600
"Kobayashi, Sugita & Goda",18025,0,18025
National Assn of Broadcasters,18000,9000,9000
Hawaiian Airlines,17533,7500,10033
Martin Defense Group,16200,0,16200
EMILY's List,52955,10000,42955
"Kobayashi, Sugita & Goda",29400,0,29400
State of Hawaii,21491,0,21491
Nan Inc,20300,0,20300
Hawaiian Electric,20100,0,20100
Alexander & Baldwin,18900,4000,14900
University of Hawaii,18888,0,18888
Covington & Burling,17250,15000,2250
Cooney & Conway,17200,0,17200
Intellectual Ventures LLC,16500,16500,0
Democracy Engine,54099,0,54099
Stephens Inc,17400,0,17400
New York Life Insurance,15000,15000,0
Republican Main Street Partnership,13000,11000,2000
Consumer Technology Assn,12900,10000,2900
Supporting Electing American Leaders,12500,12500,0
Victory & Freedom PAC,12500,12500,0
Wells Fargo,11900,3000,8900
Ball Ventures,11600,0,11600
Casey's General Stores,11600,0,11600
McCoy Group,28200,0,28200
Winning for Women,23200,0,23200
Democracy Engine,20600,0,20600
Cottingham & Butler,17000,0,17000
Poet LLC,15800,10000,5800
Kirke Financial Services,13600,0,13600
Fahr Beverage,13100,0,13100
Raytheon Technologies,12250,10000,2250
Anduril Industries,11700,2500,9200
Ball Ventures,11600,0,11600
Adventureland Resort,39800,0,39800
Chemorse Ltd,18400,0,18400
Bassaidai Inc,11600,0,11600
Buckley Muething Capital Management,11600,0,11600
Cumberland Development,11600,0,11600
Summit Agricultural Group,11600,0,11600
Lgi,11100,0,11100
Atlantic Coca-Cola Bottling,10000,0,10000
Congressional Leadership Fund,10000,10000,0
Kaseya Inc,10000,0,10000
Democracy Engine,33495,0,33495
Versova Management,16600,0,16600
Poet LLC,15800,10000,5800
Summit Agricultural Group,15500,0,15500
Green Plains,13400,10000,3400
Doll Distributing,13000,0,13000
Iowa Select Farms,12600,0,12600
Premier Communications,11905,0,11905
Croell Concrete,11600,0,11600
Crst International,11600,0,11600
Democracy Engine,108460,0,108460
National Republican Senatorial Cmte,51200,51200,0
Blackstone Group,25305,0,25305
DCI Group,25150,0,25150
DISH Network,24900,5000,19900
Renewable Energy Group,20300,11500,8800
Promoting Our Republican Team PAC,20000,20000,0
alliantgroup,19750,0,19750
"Brownstein, Hyatt et al",17633,7500,10133
Energy Transfer Partners,17408,0,17408
Votesane PAC,105600,0,105600
Apollo Global Management,57550,0,57550
Duty Free Americas,54200,0,54200
Raytheon Technologies,51064,6500,44564
Blackstone Group,51000,0,51000
National Republican Senatorial Cmte,44600,44600,0
NextEra Energy,33425,9000,24425
Elliott Management,32700,0,32700
Republican Jewish Coalition,31752,7003,24749
Susan B Anthony List,31735,4000,27735
House Freedom Fund,21600,10000,11600
Tree Top Ranches,12800,0,12800
Eye of the Tiger PAC,10000,10000,0
Freedom Fund,10000,10000,0
Home Depot,10000,10000,0
Majority Cmte PAC,10000,10000,0
National Beer Wholesalers Assn,8500,8500,0
National Assn of Realtors,8000,8000,0
American Israel Public Affairs Cmte,7900,7900,0
Agri Beef,7800,0,7800
American Dental Assn,12250,10000,2250
ClearPath Action,11600,0,11600
Ergon Inc,11600,0,11600
Amentum Services,10000,10000,0
American Academy of Pediatric Dentistry,10000,10000,0
American Assn of Orthodontists,10000,10000,0
American Bankers Assn,10000,10000,0
American Crystal Sugar,10000,10000,0
American Maritime Officers,10000,10000,0
American Postal Workers Union,10000,10000,0
National Republican Senatorial Cmte,35000,35000,0
Delta Air Lines,34930,10000,24930
General Atomics,27600,10000,17600
Apollo Global Management,24400,0,24400
Southern Co,20015,20000,15
Goldman Sachs,17900,0,17900
Hunt Consolidated,17200,0,17200
Micron Technology,16550,15000,1550
1st Financial Bank USA,16400,0,16400
Denali Leadership PAC,15000,15000,0
UnitedHealth Group,107900,10000,97900
Apollo Global Management,52850,0,52850
Carlyle Group,47900,0,47900
Blackstone Group,47700,0,47700
American Israel Public Affairs Cmte,45550,7900,37650
Capital Group,45000,0,45000
Elevance Health,45000,10000,35000
Amgen Inc,44700,5000,39700
BlackRock Inc,44000,0,44000
New York Life Insurance,38950,0,38950
Arista Networks,11600,0,11600
American Israel Public Affairs Cmte,10000,10000,0
Laborers Union,10000,10000,0
Progressive PAC (Lieu),7500,7500,0
Supreme Solutions,7000,0,7000
3571 Investments,6300,0,6300
Chicago Public Schools,5960,0,5960
Com-Tel,5800,0,5800
Icl Inc,5800,0,5800
JASCO Companies,5800,0,5800
Cozen O'Connor,15650,10000,5650
University of Indiana,12825,0,12825
Operating Engineers Local 150,12500,12500,0
State of Illinois,11599,0,11599
Amgen Inc,11000,10000,1000
King & Spalding,11000,6000,5000
Service Employees International Union,10770,10000,770
American Dental Assn,10250,10000,250
Illinois Corn Growers Assn,10250,10000,250
Abbott Laboratories,10000,10000,0
State of Illinois,26794,0,26794
American Federation of Teachers,10750,10000,750
Credit Union National Assn,10000,10000,0
Elect Democratic Women,10000,10000,0
Machinists/Aerospace Workers Union,10000,10000,0
Prairie PAC,10000,10000,0
UFCW Local 881,10000,10000,0
Chicago Public Schools,9694,0,9694
JStreetPAC,9375,0,9375
Progressive PAC (Lieu),7500,7500,0
Amalgamated Transit Union,10000,10000,0
American Assn for Justice,10000,10000,0
American Federation of State/Cnty/Munic Employees,10000,10000,0
Carpenters & Joiners Union,10000,10000,0
Communications Workers of America,10000,10000,0
Huntington Bancshares,10000,10000,0
International Brotherhood of Electrical Workers,10000,10000,0
Laborers Union,10000,10000,0
Machinists/Aerospace Workers Union,10000,10000,0
National Assn of Realtors,10000,10000,0
American Israel Public Affairs Cmte,25000,10000,15000
National Assn of Broadcasters,15250,10000,5250
Blackstone Group,14500,0,14500
GCM Grosvenor,12600,0,12600
"Willkie, Farr & Gallagher",10300,0,10300
American Council of Engineering Cos,10000,10000,0
American Federation of State/Cnty/Munic Employees,10000,10000,0
American Federation of Teachers,10000,10000,0
American Institute of CPAs,10000,10000,0
Anheuser-Busch,10000,10000,0
Democracy Engine,125457,0,125457
JStreetPAC,51418,3500,47918
University of Chicago,49089,0,49089
Discover Financial Services,29965,10000,19965
Northwestern University,27017,0,27017
Kirkland & Ellis,26683,0,26683
Candid Wines,26100,0,26100
CME Group,19086,7500,11586
Swing Left,18880,0,18880
Invenergy LLC,18520,3000,15520
American Federation of State/Cnty/Munic Employees,10000,10000,0
Archer Daniels Midland,10000,10000,0
AT&T Inc,10000,10000,0
Carpenters & Joiners Union,10000,10000,0
Constellation Brands,10000,10000,0
Home Depot,10000,10000,0
International Brotherhood of Electrical Workers,10000,10000,0
National Assn of Realtors,10000,10000,0
Missouri ACRE,8500,8500,0
National Rural Electric Cooperative Assn,8500,8500,0
Kirkland & Ellis,269600,0,269600
Northwestern University,42905,0,42905
Madison Dearborn Partners,23200,0,23200
"Quinn, Emanuel et al",23050,0,23050
UCA Group,22400,0,22400
McKinsey & Co,21900,0,21900
Clifford Law Offices,20800,0,20800
"Skadden, Arps et al",20560,0,20560
Cooney & Conway,20199,0,20199
MS International,17199,0,17199
State of Illinois,19200,0,19200
JStreetPAC,19025,1500,17525
Power Rogers Llp,12600,0,12600
Cooney & Conway,11600,0,11600
Service Employees International Union,10175,10000,175
American Academy of Family Physicians,10000,10000,0
American Assn for Justice,10000,10000,0
American Assn of Nurse Anesthesiology,10000,10000,0
American Assn of Orthodontists,10000,10000,0
American Federation of State/Cnty/Munic Employees,10000,10000,0
Democracy Engine,82963,0,82963
Kirkland & Ellis,36900,0,36900
Mesirow Financial,27850,0,27850
American Israel Public Affairs Cmte,19460,4200,15260
Kraft Heinz Co,19275,5000,14275
Henry Crown & Co,17100,0,17100
NorPAC,17000,-1000,18000
Kansas City Urology Care,16380,0,16380
Discover Financial Services,15800,10000,5800
Latham & Watkins,14500,0,14500
JStreetPAC,61117,6000,55117
Fermilab,37728,0,37728
Digidems PAC,36530,5000,31530
University of Chicago,31857,0,31857
Democracy Engine,25640,0,25640
Stanford University,24600,0,24600
Frontline USA,21200,10000,11200
Boston University,21150,0,21150
Argonne National Laboratory,19606,0,19606
Northwestern University,19460,0,19460
Poettker Construction,20100,0,20100
Nots Logistics,17600,0,17600
Veterans United Home Loans,12700,0,12700
Asbery & Assoc Obgyn LLC,11600,0,11600
Community Bank & Trust,11600,0,11600
Crowder & Scoggins Ltd,11600,0,11600
Knight Hawk Co,11200,0,11200
American Israel Public Affairs Cmte,11000,10000,1000
AbbVie Inc,10000,10000,0
Abraham Lincoln PAC,10000,10000,0
JStreetPAC,71813,1298,70515
EMILY's List,67663,10000,57663
Simmons Hanly Conroy,39789,0,39789
State Of Illinois,38959,0,38959
Democracy Engine,34100,0,34100
Digidems PAC,33200,0,33200
AmeriPAC: The Fund for a Greater America,31900,10000,21900
Frontline USA,24500,10000,14500
UFCW Local 881,24200,15000,9200
Union Insurance Group,20783,0,20783
Democracy Engine,146546,0,146546
EMILY's List,90490,10000,80490
University of Chicago,49163,0,49163
Northwestern University,34751,0,34751
Elevance Health,33184,0,33184
Frontline USA,32285,7500,24785
Digidems PAC,31772,3872,27900
Kirkland & Ellis,25020,0,25020
Fermilab,22073,0,22073
Lauren Underwood,21524,0,21524
House Freedom Fund,162726,10000,152726
Club for Growth,73550,0,73550
Tri County Welding,14700,0,14700
Drake Homes,12600,0,12600
Rural King Supply,11600,0,11600
Thompson Thrift,11600,0,11600
American Crystal Sugar,10000,10000,0
National Cattlemen's Beef Assn,10000,10000,0
State of Illinois,7900,0,7900
Ameren Corp,7600,7500,100
Votesane PAC,92500,0,92500
Ernst & Young,30900,10000,20900
Breakthru Beverage Group,26900,0,26900
New York Life Insurance,26700,10000,16700
American Israel Public Affairs Cmte,25500,10000,15500
Marquis Energy,23200,0,23200
United Contractors Midwest,20700,0,20700
Apollo Global Management,20200,0,20200
Blackstone Group,18700,0,18700
Blue Cross & Blue Shield Assn,17000,10000,7000
JStreetPAC,48327,1581,46746
Democracy Engine,25076,0,25076
Swing Left,22746,197,22549
AmeriPAC: The Fund for a Greater America,17500,5000,12500
Northwestern University,13400,0,13400
Wicklow Capital,11600,0,11600
Stanford University,10912,0,10912
LGBTQ Victory Fund,10250,10000,250
314 Action Fund,10000,10000,0
Equality PAC,10000,10000,0
Power Rogers LLP,83516,0,83516
State of Illinois,68044,0,68044
Simmons Hanly Conroy,60250,0,60250
Kirkland & Ellis,55951,0,55951
Votesane PAC,50600,0,50600
United Airlines,47377,8000,39377
Jenner & Block,41276,0,41276
Cooney & Conway,39083,0,39083
GCM Grosvenor,35800,0,35800
Clifford Law Offices,33950,0,33950
EMILY's List,189411,10000,179411
Votesane PAC,149500,0,149500
American Israel Public Affairs Cmte,105500,10000,95500
Simmons Hanly Conroy,94900,0,94900
Democracy Engine,80454,0,80454
United Airlines,57310,9000,48310
AAR Corp,44950,8200,36750
JStreetPAC,43605,1000,42605
Microsoft Corp,40998,10000,30998
L3Harris Technologies,36310,8000,28310
Democracy Engine,43714,0,43714
AmeriPAC: The Fund for a Greater America,33300,10000,23300
New Democrat Coalition,19950,10000,9950
Barnes & Thornburg,13850,2500,11350
Royal Brush Manufacturing,13500,0,13500
Democratic Congressional Campaign Cmte,12662,3862,8800
Cleveland-Cliffs,11300,10000,1300
Swing Left,10892,0,10892
AM General Corp,10750,10000,750
Eli Lilly & Co,10750,8500,2250
Jayco Inc,62000,0,62000
Rollie Williams Paint,29000,0,29000
American Israel Public Affairs Cmte,27650,10000,17650
Bci Solutions,23700,0,23700
Maple Leaf Farms,23200,0,23200
Thor Industries,23200,0,23200
Barnes & Thornburg,22555,0,22555
Jump Into Action for Conservatives To Keep Ideas,20000,20000,0
Ml Motorsports,20000,0,20000
Accurate Castings,19400,0,19400
Blackstone Group,20300,0,20300
American Israel Public Affairs Cmte,19800,7900,11900
AM General Corp,19050,10000,9050
Deister Machine Co,11600,0,11600
Glenbrook Dodge Chrysler Jeep,11600,0,11600
Uline Inc,11600,0,11600
CGCN Group,11500,5500,6000
Boeing Co,11000,9000,2000
Kirkland & Ellis,10500,0,10500
American Bankers Assn,10250,10000,250
American Israel Public Affairs Cmte,10000,10000,0
Farm Credit Council,10000,10000,0
Majority Cmte PAC,10000,10000,0
National Auto Dealers Assn,10000,10000,0
Barnes & Thornburg,9900,1000,8900
Gaylor Electric,8300,0,8300
CropLife America,7500,7500,0
Ice Miller LLP,6250,5000,1250
AT&T Inc,6000,6000,0
National Assn of Realtors,6000,6000,0
American Israel Public Affairs Cmte,23400,10000,13400
Indiana Spine Group,21150,0,21150
Poet LLC,15800,10000,5800
New York Life Insurance,15000,15000,0
Gaylor Electric,14600,0,14600
Associated Builders & Contractors,12000,10000,2000
Hkw,11600,0,11600
Marcus Foundation,11600,0,11600
NAI Hanning & Bean,11600,0,11600
Ward Materials LLC,11600,0,11600
Elwood Staffing,23500,0,23500
Ice Miller LLP,20941,10000,10941
Barnes & Thornburg,18099,2500,15599
Poet LLC,15800,10000,5800
"Bose, McKinney & Evans",14800,0,14800
A10 Assoc,11600,0,11600
Squire Creek Country Club,11600,0,11600
AT&T Inc,10000,10000,0
CMR PAC,10000,10000,0
Elevance Health,10000,10000,0
Eli Lilly & Co,13975,10000,3975
"Faegre, Drinker et al",11250,5000,6250
"Bose, McKinney & Evans",10800,0,10800
Air Line Pilots Assn,10000,10000,0
Allison Transmission,10000,10000,0
American Crystal Sugar,10000,10000,0
American Federation of State/Cnty/Munic Employees,10000,10000,0
Boeing Co,10000,10000,0
Home Depot,10000,10000,0
Laborers Union/Midwest Region,10000,10000,0
New York Cancer & Blood Specialists,50000,0,50000
DaVita Inc,21150,8000,13150
Urology of Indiana,13750,0,13750
"Mehlman, Castagnetti et al",11344,0,11344
Edwards Lifesciences,11000,9000,2000
United Companies,10800,0,10800
Todd Strategy Group,10700,0,10700
Aluminum Assn,10000,10000,0
American Academy of Ophthalmology,10000,10000,0
American Assn of Neurological Surgeons,10000,10000,0
Winning for Women,14800,5000,9800
Barnes & Thornburg,13816,0,13816
One Southern Indiana,11600,0,11600
Solution Tree,11600,0,11600
Smithville Communications,10200,0,10200
E-PAC,10000,10000,0
Indiana Farm Bureau,10000,10000,0
National Assn of Professional Employer Orgs,10000,10000,0
National Auto Dealers Assn,10000,10000,0
American Israel Public Affairs Cmte,8900,5000,3900
Senate Conservatives Fund,217112,0,217112
Club for Growth,82183,0,82183
Jasper Engines & Transmissions,52750,0,52750
National Republican Senatorial Cmte,47400,47400,0
Alliance Coal,38400,10000,28400
Ackerman Oil,38100,0,38100
Reyes Holdings,37800,0,37800
Wabash Valley Produce,34500,0,34500
Enterprise Holdings,28700,11000,17700
Eli Lilly & Co,28688,7000,21688
Democracy Engine,224520,0,224520
Votesane PAC,104125,0,104125
American Israel Public Affairs Cmte,93650,2100,91550
Elevance Health,71895,10000,61895
Barnes & Thornburg,67984,3500,64484
DaVita Inc,54200,10000,44200
Masimo Corp,52000,10000,42000
"Welsh, Carson et al",43060,0,43060
National Assn of Broadcasters,42700,10000,32700
Ice Miller LLP,42649,6000,36649
American Israel Public Affairs Cmte,24250,10000,14250
Blue Beacon International,23700,0,23700
Venture Corp (Kansas),23200,0,23200
Hy-Plains Feedyard LLC,16600,0,16600
Brookover Land Ent,11600,0,11600
Conestoga Energy Partners,11600,0,11600
Innovative Livestock Services,11600,0,11600
Reeve Cattle Co,11600,0,11600
Sporer Land Development,11600,0,11600
Vess Oil Corp,11600,0,11600
Onyx Collection,31000,0,31000
Watco Companies,17400,0,17400
Murfin Drilling,17203,0,17203
Jake'S Fireworks,17200,0,17200
Aspire Health Plans,11600,0,11600
Berexco Inc,11600,0,11600
Conestoga Energy Partners,11600,0,11600
Dimensional Fund Advisors,11600,0,11600
Foley Industries,11600,0,11600
Icm Inc,11600,0,11600
Democracy Engine,180415,0,180415
EMILY's List,172672,10000,162672
JStreetPAC,47102,1000,46102
Frontline USA,46430,5000,41430
Democratic Congressional Campaign Cmte,35685,9985,25700
American Israel Public Affairs Cmte,35560,2900,32660
End Citizens United,25370,10000,15370
New Democrat Coalition,24100,10000,14100
University Of Kansas,23324,0,23324
Secunda Family Foundation,17400,0,17400
Watco Companies,23200,0,23200
Koch Industries,16000,10000,6000
Spirit Aerosystems,15800,10000,5800
Blackstone Group,14500,0,14500
Textron Inc,12000,10000,2000
Clark Investment Group,11600,0,11600
Cohen-Esrey Real Estate Services,11600,0,11600
Icm Inc,11600,0,11600
Mechanical Systems Inc (Kansas),11600,0,11600
Murfin Drilling,11600,0,11600
National Republican Senatorial Cmte,44600,44600,0
Nueterra Capital,43600,0,43600
Burns & McDonnell,22036,10000,12036
Blackstone Group,21800,0,21800
Goldman Sachs,21100,10000,11100
Susan B Anthony List,20200,7800,12400
Poet Ethanol Products,19700,0,19700
Bukaty Companies,18900,0,18900
Lockton Companies,18700,10000,8700
Watco Companies,18700,0,18700
Votesane PAC,145400,475,144925
American Israel Public Affairs Cmte,96300,10000,86300
Ciciora Custom Homes,54800,0,54800
DISH Network,43600,10000,33600
Kit Bond Strategies,36000,0,36000
Apollo Global Management,34300,0,34300
GEO Group,34000,0,34000
Kansas City Southern,33099,5000,28099
General Atomics,32100,10000,22100
Spirit Aerosystems,29300,10000,19300
Florida Cancer Specialists,19050,0,19050
Hunt Farms,17400,0,17400
Frost Brown Todd LLC,16900,0,16900
Pro-Israel America PAC,16400,0,16400
National Assn of Letter Carriers,15000,15000,0
New York Cancer & Blood Specialists,15000,0,15000
Transdigm Group,15000,10000,5000
Altria Group,12900,10000,2900
LHC Group,11800,5000,6800
Brymak & Assoc,11600,0,11600
