chamber,congress,endYear,memberType,startYear,stateCode,stateName,bioguideid,district
Senate,107,2003.0,Senator,2002,TX,Texas,C001056,
Senate,108,2005.0,Senator,2003,TX,Texas,C001056,
Senate,109,2007.0,Senator,2005,TX,Texas,C001056,
Senate,110,2009.0,Senator,2007,TX,Texas,C001056,
Senate,111,2011.0,Senator,2009,TX,Texas,C001056,
Senate,112,2013.0,Senator,2011,TX,Texas,C001056,
Senate,113,2015.0,Senator,2013,TX,Texas,C001056,
Senate,114,2017.0,Senator,2015,TX,Texas,C001056,
Senate,115,2019.0,Senator,2017,TX,Texas,C001056,
Senate,116,2021.0,Senator,2019,TX,Texas,C001056,
Senate,117,2023.0,Senator,2021,TX,Texas,C001056,
Senate,118,,Senator,2023,TX,Texas,C001056,
House of Representatives,98,1985.0,Representative,1983,IL,Illinois,D000563,20.0
House of Representatives,99,1987.0,Representative,1985,IL,Illinois,D000563,20.0
House of Representatives,100,1989.0,Representative,1987,IL,Illinois,D000563,20.0
House of Representatives,101,1991.0,Representative,1989,IL,Illinois,D000563,20.0
House of Representatives,102,1993.0,Representative,1991,IL,Illinois,D000563,20.0
House of Representatives,103,1995.0,Representative,1993,IL,Illinois,D000563,20.0
House of Representatives,104,1997.0,Representative,1995,IL,Illinois,D000563,20.0
Senate,105,1999.0,Senator,1997,IL,Illinois,D000563,
Senate,106,2001.0,Senator,1999,IL,Illinois,D000563,
Senate,107,2003.0,Senator,2001,IL,Illinois,D000563,
Senate,108,2005.0,Senator,2003,IL,Illinois,D000563,
Senate,109,2007.0,Senator,2005,IL,Illinois,D000563,
Senate,110,2009.0,Senator,2007,IL,Illinois,D000563,
Senate,111,2011.0,Senator,2009,IL,Illinois,D000563,
Senate,112,2013.0,Senator,2011,IL,Illinois,D000563,
Senate,113,2015.0,Senator,2013,IL,Illinois,D000563,
Senate,114,2017.0,Senator,2015,IL,Illinois,D000563,
Senate,115,2019.0,Senator,2017,IL,Illinois,D000563,
Senate,116,2021.0,Senator,2019,IL,Illinois,D000563,
Senate,117,2023.0,Senator,2021,IL,Illinois,D000563,
Senate,118,,Senator,2023,IL,Illinois,D000563,
Senate,99,1987.0,Senator,1985,KY,Kentucky,M000355,
Senate,100,1989.0,Senator,1987,KY,Kentucky,M000355,
Senate,101,1991.0,Senator,1989,KY,Kentucky,M000355,
Senate,102,1993.0,Senator,1991,KY,Kentucky,M000355,
Senate,103,1995.0,Senator,1993,KY,Kentucky,M000355,
Senate,104,1997.0,Senator,1995,KY,Kentucky,M000355,
Senate,105,1999.0,Senator,1997,KY,Kentucky,M000355,
Senate,106,2001.0,Senator,1999,KY,Kentucky,M000355,
Senate,107,2003.0,Senator,2001,KY,Kentucky,M000355,
Senate,108,2005.0,Senator,2003,KY,Kentucky,M000355,
Senate,109,2007.0,Senator,2005,KY,Kentucky,M000355,
Senate,110,2009.0,Senator,2007,KY,Kentucky,M000355,
Senate,111,2011.0,Senator,2009,KY,Kentucky,M000355,
Senate,112,2013.0,Senator,2011,KY,Kentucky,M000355,
Senate,113,2015.0,Senator,2013,KY,Kentucky,M000355,
Senate,114,2017.0,Senator,2015,KY,Kentucky,M000355,
Senate,115,2019.0,Senator,2017,KY,Kentucky,M000355,
Senate,116,2021.0,Senator,2019,KY,Kentucky,M000355,
Senate,117,2023.0,Senator,2021,KY,Kentucky,M000355,
Senate,118,,Senator,2023,KY,Kentucky,M000355,
House of Representatives,103,1995.0,Representative,1993,SC,South Carolina,C000537,6.0
House of Representatives,104,1997.0,Representative,1995,SC,South Carolina,C000537,6.0
House of Representatives,105,1999.0,Representative,1997,SC,South Carolina,C000537,6.0
House of Representatives,106,2001.0,Representative,1999,SC,South Carolina,C000537,6.0
House of Representatives,107,2003.0,Representative,2001,SC,South Carolina,C000537,6.0
House of Representatives,108,2005.0,Representative,2003,SC,South Carolina,C000537,6.0
House of Representatives,109,2007.0,Representative,2005,SC,South Carolina,C000537,6.0
House of Representatives,110,2009.0,Representative,2007,SC,South Carolina,C000537,6.0
House of Representatives,111,2011.0,Representative,2009,SC,South Carolina,C000537,6.0
House of Representatives,112,2013.0,Representative,2011,SC,South Carolina,C000537,6.0
House of Representatives,113,2015.0,Representative,2013,SC,South Carolina,C000537,6.0
House of Representatives,114,2017.0,Representative,2015,SC,South Carolina,C000537,6.0
House of Representatives,115,2019.0,Representative,2017,SC,South Carolina,C000537,6.0
House of Representatives,116,2021.0,Representative,2019,SC,South Carolina,C000537,6.0
House of Representatives,117,2023.0,Representative,2021,SC,South Carolina,C000537,6.0
House of Representatives,118,,Representative,2023,SC,South Carolina,C000537,6.0
House of Representatives,94,1977.0,Representative,1975,IA,Iowa,G000386,3.0
House of Representatives,95,1979.0,Representative,1977,IA,Iowa,G000386,3.0
House of Representatives,96,1981.0,Representative,1979,IA,Iowa,G000386,3.0
Senate,97,1983.0,Senator,1981,IA,Iowa,G000386,
Senate,98,1985.0,Senator,1983,IA,Iowa,G000386,
Senate,99,1987.0,Senator,1985,IA,Iowa,G000386,
Senate,100,1989.0,Senator,1987,IA,Iowa,G000386,
Senate,101,1991.0,Senator,1989,IA,Iowa,G000386,
Senate,102,1993.0,Senator,1991,IA,Iowa,G000386,
Senate,103,1995.0,Senator,1993,IA,Iowa,G000386,
Senate,104,1997.0,Senator,1995,IA,Iowa,G000386,
Senate,105,1999.0,Senator,1997,IA,Iowa,G000386,
Senate,106,2001.0,Senator,1999,IA,Iowa,G000386,
Senate,107,2003.0,Senator,2001,IA,Iowa,G000386,
Senate,108,2005.0,Senator,2003,IA,Iowa,G000386,
Senate,109,2007.0,Senator,2005,IA,Iowa,G000386,
Senate,110,2009.0,Senator,2007,IA,Iowa,G000386,
Senate,111,2011.0,Senator,2009,IA,Iowa,G000386,
Senate,112,2013.0,Senator,2011,IA,Iowa,G000386,
Senate,113,2015.0,Senator,2013,IA,Iowa,G000386,
Senate,114,2017.0,Senator,2015,IA,Iowa,G000386,
Senate,115,2019.0,Senator,2017,IA,Iowa,G000386,
Senate,116,2021.0,Senator,2019,IA,Iowa,G000386,
Senate,117,2023.0,Senator,2021,IA,Iowa,G000386,
Senate,118,,Senator,2023,IA,Iowa,G000386,
House of Representatives,97,1983.0,Representative,1981,MD,Maryland,H000874,5.0
House of Representatives,98,1985.0,Representative,1983,MD,Maryland,H000874,5.0
House of Representatives,99,1987.0,Representative,1985,MD,Maryland,H000874,5.0
House of Representatives,100,1989.0,Representative,1987,MD,Maryland,H000874,5.0
House of Representatives,101,1991.0,Representative,1989,MD,Maryland,H000874,5.0
House of Representatives,102,1993.0,Representative,1991,MD,Maryland,H000874,5.0
House of Representatives,103,1995.0,Representative,1993,MD,Maryland,H000874,5.0
House of Representatives,104,1997.0,Representative,1995,MD,Maryland,H000874,5.0
House of Representatives,105,1999.0,Representative,1997,MD,Maryland,H000874,5.0
House of Representatives,106,2001.0,Representative,1999,MD,Maryland,H000874,5.0
House of Representatives,107,2003.0,Representative,2001,MD,Maryland,H000874,5.0
House of Representatives,108,2005.0,Representative,2003,MD,Maryland,H000874,5.0
House of Representatives,109,2007.0,Representative,2005,MD,Maryland,H000874,5.0
House of Representatives,110,2009.0,Representative,2007,MD,Maryland,H000874,5.0
House of Representatives,111,2011.0,Representative,2009,MD,Maryland,H000874,5.0
House of Representatives,112,2013.0,Representative,2011,MD,Maryland,H000874,5.0
House of Representatives,113,2015.0,Representative,2013,MD,Maryland,H000874,5.0
House of Representatives,114,2017.0,Representative,2015,MD,Maryland,H000874,5.0
House of Representatives,115,2019.0,Representative,2017,MD,Maryland,H000874,5.0
House of Representatives,116,2021.0,Representative,2019,MD,Maryland,H000874,5.0
House of Representatives,117,2023.0,Representative,2021,MD,Maryland,H000874,5.0
House of Representatives,118,,Representative,2023,MD,Maryland,H000874,5.0
House of Representatives,112,2013.0,Representative,2011,OK,Oklahoma,L000575,5.0
House of Representatives,113,2015.0,Representative,2013,OK,Oklahoma,L000575,5.0
Senate,114,2017.0,Senator,2015,OK,Oklahoma,L000575,
Senate,115,2019.0,Senator,2017,OK,Oklahoma,L000575,
Senate,116,2021.0,Senator,2019,OK,Oklahoma,L000575,
Senate,117,2023.0,Senator,2021,OK,Oklahoma,L000575,
Senate,118,,Senator,2023,OK,Oklahoma,L000575,
House of Representatives,106,2001.0,Representative,1999,CT,Connecticut,L000557,1.0
House of Representatives,107,2003.0,Representative,2001,CT,Connecticut,L000557,1.0
House of Representatives,108,2005.0,Representative,2003,CT,Connecticut,L000557,1.0
House of Representatives,109,2007.0,Representative,2005,CT,Connecticut,L000557,1.0
House of Representatives,110,2009.0,Representative,2007,CT,Connecticut,L000557,1.0
House of Representatives,111,2011.0,Representative,2009,CT,Connecticut,L000557,1.0
House of Representatives,112,2013.0,Representative,2011,CT,Connecticut,L000557,1.0
House of Representatives,113,2015.0,Representative,2013,CT,Connecticut,L000557,1.0
House of Representatives,114,2017.0,Representative,2015,CT,Connecticut,L000557,1.0
House of Representatives,115,2019.0,Representative,2017,CT,Connecticut,L000557,1.0
House of Representatives,116,2021.0,Representative,2019,CT,Connecticut,L000557,1.0
House of Representatives,117,2023.0,Representative,2021,CT,Connecticut,L000557,1.0
House of Representatives,118,,Representative,2023,CT,Connecticut,L000557,1.0
House of Representatives,111,2011.0,Representative,2009,NM,New Mexico,L000570,3.0
House of Representatives,112,2013.0,Representative,2011,NM,New Mexico,L000570,3.0
House of Representatives,113,2015.0,Representative,2013,NM,New Mexico,L000570,3.0
House of Representatives,114,2017.0,Representative,2015,NM,New Mexico,L000570,3.0
House of Representatives,115,2019.0,Representative,2017,NM,New Mexico,L000570,3.0
House of Representatives,116,2021.0,Representative,2019,NM,New Mexico,L000570,3.0
Senate,117,2023.0,Senator,2021,NM,New Mexico,L000570,
Senate,118,,Senator,2023,NM,New Mexico,L000570,
House of Representatives,110,2009.0,Representative,2007,CA,California,M001165,22.0
House of Representatives,111,2011.0,Representative,2009,CA,California,M001165,22.0
House of Representatives,112,2013.0,Representative,2011,CA,California,M001165,22.0
House of Representatives,113,2015.0,Representative,2013,CA,California,M001165,23.0
House of Representatives,114,2017.0,Representative,2015,CA,California,M001165,23.0
House of Representatives,115,2019.0,Representative,2017,CA,California,M001165,23.0
House of Representatives,116,2021.0,Representative,2019,CA,California,M001165,23.0
House of Representatives,117,2023.0,Representative,2021,CA,California,M001165,23.0
House of Representatives,118,,Representative,2023,CA,California,M001165,20.0
House of Representatives,109,2007.0,Representative,2005,WA,Washington,M001159,5.0
House of Representatives,110,2009.0,Representative,2007,WA,Washington,M001159,5.0
House of Representatives,111,2011.0,Representative,2009,WA,Washington,M001159,5.0
House of Representatives,112,2013.0,Representative,2011,WA,Washington,M001159,5.0
House of Representatives,113,2015.0,Representative,2013,WA,Washington,M001159,5.0
House of Representatives,114,2017.0,Representative,2015,WA,Washington,M001159,5.0
House of Representatives,115,2019.0,Representative,2017,WA,Washington,M001159,5.0
House of Representatives,116,2021.0,Representative,2019,WA,Washington,M001159,5.0
House of Representatives,117,2023.0,Representative,2021,WA,Washington,M001159,5.0
House of Representatives,118,,Representative,2023,WA,Washington,M001159,5.0
Senate,103,1995.0,Senator,1993,WA,Washington,M001111,
Senate,104,1997.0,Senator,1995,WA,Washington,M001111,
Senate,105,1999.0,Senator,1997,WA,Washington,M001111,
Senate,106,2001.0,Senator,1999,WA,Washington,M001111,
Senate,107,2003.0,Senator,2001,WA,Washington,M001111,
Senate,108,2005.0,Senator,2003,WA,Washington,M001111,
Senate,109,2007.0,Senator,2005,WA,Washington,M001111,
Senate,110,2009.0,Senator,2007,WA,Washington,M001111,
Senate,111,2011.0,Senator,2009,WA,Washington,M001111,
Senate,112,2013.0,Senator,2011,WA,Washington,M001111,
Senate,113,2015.0,Senator,2013,WA,Washington,M001111,
Senate,114,2017.0,Senator,2015,WA,Washington,M001111,
Senate,115,2019.0,Senator,2017,WA,Washington,M001111,
Senate,116,2021.0,Senator,2019,WA,Washington,M001111,
Senate,117,2023.0,Senator,2021,WA,Washington,M001111,
Senate,118,,Senator,2023,WA,Washington,M001111,
House of Representatives,100,1989.0,Representative,1987,CA,California,P000197,5.0
House of Representatives,101,1991.0,Representative,1989,CA,California,P000197,5.0
House of Representatives,102,1993.0,Representative,1991,CA,California,P000197,5.0
House of Representatives,103,1995.0,Representative,1993,CA,California,P000197,8.0
House of Representatives,104,1997.0,Representative,1995,CA,California,P000197,8.0
House of Representatives,105,1999.0,Representative,1997,CA,California,P000197,8.0
House of Representatives,106,2001.0,Representative,1999,CA,California,P000197,8.0
House of Representatives,107,2003.0,Representative,2001,CA,California,P000197,8.0
House of Representatives,108,2005.0,Representative,2003,CA,California,P000197,8.0
House of Representatives,109,2007.0,Representative,2005,CA,California,P000197,8.0
House of Representatives,110,2009.0,Representative,2007,CA,California,P000197,8.0
House of Representatives,111,2011.0,Representative,2009,CA,California,P000197,8.0
House of Representatives,112,2013.0,Representative,2011,CA,California,P000197,8.0
House of Representatives,113,2015.0,Representative,2013,CA,California,P000197,12.0
House of Representatives,114,2017.0,Representative,2015,CA,California,P000197,12.0
House of Representatives,115,2019.0,Representative,2017,CA,California,P000197,12.0
House of Representatives,116,2021.0,Representative,2019,CA,California,P000197,12.0
House of Representatives,117,2023.0,Representative,2021,CA,California,P000197,12.0
House of Representatives,118,,Representative,2023,CA,California,P000197,11.0
House of Representatives,110,2009.0,Representative,2008,LA,Louisiana,S001176,1.0
House of Representatives,111,2011.0,Representative,2009,LA,Louisiana,S001176,1.0
House of Representatives,112,2013.0,Representative,2011,LA,Louisiana,S001176,1.0
House of Representatives,113,2015.0,Representative,2013,LA,Louisiana,S001176,1.0
House of Representatives,114,2017.0,Representative,2015,LA,Louisiana,S001176,1.0
House of Representatives,115,2019.0,Representative,2017,LA,Louisiana,S001176,1.0
House of Representatives,116,2021.0,Representative,2019,LA,Louisiana,S001176,1.0
House of Representatives,117,2023.0,Representative,2021,LA,Louisiana,S001176,1.0
House of Representatives,118,,Representative,2023,LA,Louisiana,S001176,1.0
House of Representatives,97,1983.0,Representative,1981,NY,New York,S000148,16.0
House of Representatives,98,1985.0,Representative,1983,NY,New York,S000148,10.0
House of Representatives,99,1987.0,Representative,1985,NY,New York,S000148,10.0
House of Representatives,100,1989.0,Representative,1987,NY,New York,S000148,10.0
House of Representatives,101,1991.0,Representative,1989,NY,New York,S000148,10.0
House of Representatives,102,1993.0,Representative,1991,NY,New York,S000148,10.0
House of Representatives,103,1995.0,Representative,1993,NY,New York,S000148,9.0
House of Representatives,104,1997.0,Representative,1995,NY,New York,S000148,9.0
House of Representatives,105,1999.0,Representative,1997,NY,New York,S000148,9.0
Senate,106,2001.0,Senator,1999,NY,New York,S000148,
Senate,107,2003.0,Senator,2001,NY,New York,S000148,
Senate,108,2005.0,Senator,2003,NY,New York,S000148,
Senate,109,2007.0,Senator,2005,NY,New York,S000148,
Senate,110,2009.0,Senator,2007,NY,New York,S000148,
Senate,111,2011.0,Senator,2009,NY,New York,S000148,
Senate,112,2013.0,Senator,2011,NY,New York,S000148,
Senate,113,2015.0,Senator,2013,NY,New York,S000148,
Senate,114,2017.0,Senator,2015,NY,New York,S000148,
Senate,115,2019.0,Senator,2017,NY,New York,S000148,
Senate,116,2021.0,Senator,2019,NY,New York,S000148,
Senate,117,2023.0,Senator,2021,NY,New York,S000148,
Senate,118,,Senator,2023,NY,New York,S000148,
House of Representatives,105,1999.0,Representative,1997,SD,South Dakota,T000250,
House of Representatives,106,2001.0,Representative,1999,SD,South Dakota,T000250,
House of Representatives,107,2003.0,Representative,2001,SD,South Dakota,T000250,
Senate,109,2007.0,Senator,2005,SD,South Dakota,T000250,
Senate,110,2009.0,Senator,2007,SD,South Dakota,T000250,
Senate,111,2011.0,Senator,2009,SD,South Dakota,T000250,
Senate,112,2013.0,Senator,2011,SD,South Dakota,T000250,
Senate,113,2015.0,Senator,2013,SD,South Dakota,T000250,
Senate,114,2017.0,Senator,2015,SD,South Dakota,T000250,
Senate,115,2019.0,Senator,2017,SD,South Dakota,T000250,
Senate,116,2021.0,Senator,2019,SD,South Dakota,T000250,
Senate,117,2023.0,Senator,2021,SD,South Dakota,T000250,
Senate,118,,Senator,2023,SD,South Dakota,T000250,
House of Representatives,113,2015.0,Representative,2013,NY,New York,J000294,8.0
House of Representatives,114,2017.0,Representative,2015,NY,New York,J000294,8.0
House of Representatives,115,2019.0,Representative,2017,NY,New York,J000294,8.0
House of Representatives,116,2021.0,Representative,2019,NY,New York,J000294,8.0
House of Representatives,117,2023.0,Representative,2021,NY,New York,J000294,8.0
House of Representatives,118,,Representative,2023,NY,New York,J000294,8.0
House of Representatives,113,2015.0,Representative,2013,MA,Massachusetts,C001101,5.0
House of Representatives,114,2017.0,Representative,2015,MA,Massachusetts,C001101,5.0
House of Representatives,115,2019.0,Representative,2017,MA,Massachusetts,C001101,5.0
House of Representatives,116,2021.0,Representative,2019,MA,Massachusetts,C001101,5.0
House of Representatives,117,2023.0,Representative,2021,MA,Massachusetts,C001101,5.0
House of Representatives,118,,Representative,2023,MA,Massachusetts,C001101,5.0
House of Representatives,114,2017.0,Representative,2015,AL,Alabama,P000609,6.0
House of Representatives,115,2019.0,Representative,2017,AL,Alabama,P000609,6.0
House of Representatives,116,2021.0,Representative,2019,AL,Alabama,P000609,6.0
House of Representatives,117,2023.0,Representative,2021,AL,Alabama,P000609,6.0
House of Representatives,118,,Representative,2023,AL,Alabama,P000609,6.0
House of Representatives,114,2017.0,Representative,2015,CA,California,A000371,31.0
House of Representatives,115,2019.0,Representative,2017,CA,California,A000371,31.0
House of Representatives,116,2021.0,Representative,2019,CA,California,A000371,31.0
House of Representatives,117,2023.0,Representative,2021,CA,California,A000371,31.0
House of Representatives,118,,Representative,2023,CA,California,A000371,33.0
House of Representatives,114,2017.0,Representative,2015,MN,Minnesota,E000294,6.0
House of Representatives,115,2019.0,Representative,2017,MN,Minnesota,E000294,6.0
House of Representatives,116,2021.0,Representative,2019,MN,Minnesota,E000294,6.0
House of Representatives,117,2023.0,Representative,2021,MN,Minnesota,E000294,6.0
House of Representatives,118,,Representative,2023,MN,Minnesota,E000294,6.0
House of Representatives,114,2017.0,Representative,2015,NY,New York,S001196,21.0
House of Representatives,115,2019.0,Representative,2017,NY,New York,S001196,21.0
House of Representatives,116,2021.0,Representative,2019,NY,New York,S001196,21.0
House of Representatives,117,2023.0,Representative,2021,NY,New York,S001196,21.0
House of Representatives,118,,Representative,2023,NY,New York,S001196,21.0
House of Representatives,115,2019.0,Representative,2017,LA,Louisiana,J000299,4.0
House of Representatives,116,2021.0,Representative,2019,LA,Louisiana,J000299,4.0
House of Representatives,117,2023.0,Representative,2021,LA,Louisiana,J000299,4.0
House of Representatives,118,,Representative,2023,LA,Louisiana,J000299,4.0
